<component name="libraryTable">
  <library name="Gradle: com.squareup.okio:okio:1.14.0@jar">
    <CLASSES>
      <root url="jar://$PROJECT_DIR$/../.gradle/caches/modules-2/files-2.1/com.squareup.okio/okio/1.14.0/102d7be47241d781ef95f1581d414b0943053130/okio-1.14.0.jar!/" />
    </CLASSES>
    <JAVADOC>
      <root url="jar://$PROJECT_DIR$/../.gradle/caches/modules-2/files-2.1/com.squareup.okio/okio/1.14.0/d224a05c7368dc02ffefc74a8b628c86f0bea501/okio-1.14.0-javadoc.jar!/" />
    </JAVADOC>
    <SOURCES>
      <root url="jar://$PROJECT_DIR$/../.gradle/caches/modules-2/files-2.1/com.squareup.okio/okio/1.14.0/e7c96b4fe5651490d8f3c022042940d743a3bdd9/okio-1.14.0-sources.jar!/" />
    </SOURCES>
  </library>
</component>