<component name="libraryTable">
  <library name="Gradle: androidx.databinding:databinding-runtime:3.5.0@aar">
    <CLASSES>
      <root url="jar://$PROJECT_DIR$/../.gradle/caches/transforms-2/files-2.1/3e8d8225e880a346037df22fd3c0ddec/databinding-runtime-3.5.0/jars/classes.jar!/" />
      <root url="file://$PROJECT_DIR$/../.gradle/caches/transforms-2/files-2.1/3e8d8225e880a346037df22fd3c0ddec/databinding-runtime-3.5.0/res" />
    </CLASSES>
    <JAVADOC />
    <SOURCES>
      <root url="jar://$PROJECT_DIR$/../.gradle/caches/modules-2/files-2.1/androidx.databinding/databinding-runtime/3.5.0/f4f0d692bdbcf1720c0cb62c1814388e1d3c72ac/databinding-runtime-3.5.0-sources.jar!/" />
    </SOURCES>
  </library>
</component>