<component name="libraryTable">
  <library name="Gradle: androidx.legacy:legacy-support-core-utils:1.0.0@aar">
    <CLASSES>
      <root url="jar://$PROJECT_DIR$/../.gradle/caches/transforms-2/files-2.1/72f7011a8b1c809f082e872057b653eb/legacy-support-core-utils-1.0.0/jars/classes.jar!/" />
      <root url="file://$PROJECT_DIR$/../.gradle/caches/transforms-2/files-2.1/72f7011a8b1c809f082e872057b653eb/legacy-support-core-utils-1.0.0/res" />
    </CLASSES>
    <JAVADOC />
    <SOURCES>
      <root url="jar://$PROJECT_DIR$/../.gradle/caches/modules-2/files-2.1/androidx.legacy/legacy-support-core-utils/1.0.0/46c37f178088153618cfb0afef08ec96c48f93cb/legacy-support-core-utils-1.0.0-sources.jar!/" />
    </SOURCES>
  </library>
</component>