<component name="libraryTable">
  <library name="Gradle: com.google.firebase:firebase-database-collection:17.0.0@aar">
    <CLASSES>
      <root url="jar://$PROJECT_DIR$/../.gradle/caches/transforms-2/files-2.1/c1b67ab714bdf098135f2780992c67fc/firebase-database-collection-17.0.0/jars/classes.jar!/" />
      <root url="file://$PROJECT_DIR$/../.gradle/caches/transforms-2/files-2.1/c1b67ab714bdf098135f2780992c67fc/firebase-database-collection-17.0.0/res" />
    </CLASSES>
    <JAVADOC>
      <root url="jar://$PROJECT_DIR$/../.gradle/caches/modules-2/files-2.1/com.google.firebase/firebase-database-collection/17.0.0/e4dd7ee66b776966452b4760ca297fe1ea256bad/firebase-database-collection-17.0.0-javadoc.jar!/" />
    </JAVADOC>
    <SOURCES />
  </library>
</component>