<component name="libraryTable">
  <library name="Gradle: org.jetbrains.kotlin:kotlin-stdlib-common:1.3.31@jar">
    <CLASSES>
      <root url="jar://$PROJECT_DIR$/../.gradle/caches/modules-2/files-2.1/org.jetbrains.kotlin/kotlin-stdlib-common/1.3.31/20c34a04ea25cb1ef0139598bd67c764562cb170/kotlin-stdlib-common-1.3.31.jar!/" />
    </CLASSES>
    <JAVADOC>
      <root url="jar://$PROJECT_DIR$/../.gradle/caches/modules-2/files-2.1/org.jetbrains.kotlin/kotlin-stdlib-common/1.3.31/25da92a9859233ef0fdb4f35d5d5b989e729f70e/kotlin-stdlib-common-1.3.31-javadoc.jar!/" />
    </JAVADOC>
    <SOURCES>
      <root url="jar://$PROJECT_DIR$/../.gradle/caches/modules-2/files-2.1/org.jetbrains.kotlin/kotlin-stdlib-common/1.3.31/958c401b129f64de74af4b11a0894693edfa168d/kotlin-stdlib-common-1.3.31-sources.jar!/" />
    </SOURCES>
  </library>
</component>