<component name="libraryTable">
  <library name="Gradle: com.google.android.gms:play-services-measurement-api:17.2.0@aar">
    <CLASSES>
      <root url="jar://$PROJECT_DIR$/../.gradle/caches/transforms-2/files-2.1/4cede4eef3de9d83f76ec9d46b9aef62/play-services-measurement-api-17.2.0/jars/classes.jar!/" />
      <root url="file://$PROJECT_DIR$/../.gradle/caches/transforms-2/files-2.1/4cede4eef3de9d83f76ec9d46b9aef62/play-services-measurement-api-17.2.0/res" />
    </CLASSES>
    <JAVADOC>
      <root url="jar://$PROJECT_DIR$/../.gradle/caches/modules-2/files-2.1/com.google.android.gms/play-services-measurement-api/17.2.0/3b2621061de19812ac954c54d21f73d620d7ef02/play-services-measurement-api-17.2.0-javadoc.jar!/" />
    </JAVADOC>
    <SOURCES />
  </library>
</component>