<component name="libraryTable">
  <library name="Gradle: com.google.firebase:firebase-iid:19.0.1@aar">
    <CLASSES>
      <root url="jar://$PROJECT_DIR$/../.gradle/caches/transforms-2/files-2.1/38487c34904ddc5c6c7cc26ae147bb19/firebase-iid-19.0.1/jars/classes.jar!/" />
      <root url="file://$PROJECT_DIR$/../.gradle/caches/transforms-2/files-2.1/38487c34904ddc5c6c7cc26ae147bb19/firebase-iid-19.0.1/res" />
    </CLASSES>
    <JAVADOC>
      <root url="jar://$PROJECT_DIR$/../.gradle/caches/modules-2/files-2.1/com.google.firebase/firebase-iid/19.0.1/c79cb1b5d099920a226aa12933db3cb4f2a49d0e/firebase-iid-19.0.1-javadoc.jar!/" />
    </JAVADOC>
    <SOURCES />
  </library>
</component>