<component name="libraryTable">
  <library name="Gradle: androidx.core:core:1.1.0@aar">
    <ANNOTATIONS>
      <root url="jar://$PROJECT_DIR$/../.gradle/caches/transforms-2/files-2.1/78d038e78e695b20f8643f2baa9eda17/core-1.1.0/annotations.zip!/" />
    </ANNOTATIONS>
    <CLASSES>
      <root url="jar://$PROJECT_DIR$/../.gradle/caches/transforms-2/files-2.1/78d038e78e695b20f8643f2baa9eda17/core-1.1.0/jars/classes.jar!/" />
      <root url="file://$PROJECT_DIR$/../.gradle/caches/transforms-2/files-2.1/78d038e78e695b20f8643f2baa9eda17/core-1.1.0/res" />
    </CLASSES>
    <JAVADOC />
    <SOURCES>
      <root url="jar://$PROJECT_DIR$/../.gradle/caches/modules-2/files-2.1/androidx.core/core/1.1.0/4ae37fad1fe95b42aa47a720908df37ba5d3c85e/core-1.1.0-sources.jar!/" />
    </SOURCES>
  </library>
</component>