<component name="libraryTable">
  <library name="Gradle: com.google.firebase:firebase-measurement-connector:18.0.0@aar">
    <CLASSES>
      <root url="jar://$PROJECT_DIR$/../.gradle/caches/transforms-2/files-2.1/395507192890d777ee6559423f6f88ea/firebase-measurement-connector-18.0.0/jars/classes.jar!/" />
      <root url="file://$PROJECT_DIR$/../.gradle/caches/transforms-2/files-2.1/395507192890d777ee6559423f6f88ea/firebase-measurement-connector-18.0.0/res" />
    </CLASSES>
    <JAVADOC />
    <SOURCES />
  </library>
</component>