<component name="libraryTable">
  <library name="Gradle: androidx.transition:transition:1.0.1@aar">
    <ANNOTATIONS>
      <root url="jar://$PROJECT_DIR$/../.gradle/caches/transforms-2/files-2.1/59f85eb28f7aa92c3627c5c310e389a7/transition-1.0.1/annotations.zip!/" />
    </ANNOTATIONS>
    <CLASSES>
      <root url="jar://$PROJECT_DIR$/../.gradle/caches/transforms-2/files-2.1/59f85eb28f7aa92c3627c5c310e389a7/transition-1.0.1/jars/classes.jar!/" />
      <root url="file://$PROJECT_DIR$/../.gradle/caches/transforms-2/files-2.1/59f85eb28f7aa92c3627c5c310e389a7/transition-1.0.1/res" />
    </CLASSES>
    <JAVADOC />
    <SOURCES>
      <root url="jar://$PROJECT_DIR$/../.gradle/caches/modules-2/files-2.1/androidx.transition/transition/1.0.1/f0a474b2323f0c20a30339ba60f964d46dc39372/transition-1.0.1-sources.jar!/" />
    </SOURCES>
  </library>
</component>