<component name="libraryTable">
  <library name="Gradle: com.makeramen:roundedimageview:2.3.0@aar">
    <ANNOTATIONS>
      <root url="jar://$PROJECT_DIR$/../.gradle/caches/transforms-2/files-2.1/351be6c7636ac1d97981d16ba3dcfd46/jetified-roundedimageview-2.3.0/annotations.zip!/" />
    </ANNOTATIONS>
    <CLASSES>
      <root url="jar://$PROJECT_DIR$/../.gradle/caches/transforms-2/files-2.1/351be6c7636ac1d97981d16ba3dcfd46/jetified-roundedimageview-2.3.0/jars/classes.jar!/" />
      <root url="file://$PROJECT_DIR$/../.gradle/caches/transforms-2/files-2.1/351be6c7636ac1d97981d16ba3dcfd46/jetified-roundedimageview-2.3.0/res" />
    </CLASSES>
    <JAVADOC>
      <root url="jar://$PROJECT_DIR$/../.gradle/caches/modules-2/files-2.1/com.makeramen/roundedimageview/2.3.0/30a0f5d140791f4ade3ac418dddaf0d59ca694cc/roundedimageview-2.3.0-javadoc.jar!/" />
    </JAVADOC>
    <SOURCES>
      <root url="jar://$PROJECT_DIR$/../.gradle/caches/modules-2/files-2.1/com.makeramen/roundedimageview/2.3.0/a74d35b08232b1e1fe0c50eeb4a27d43d6a53e1b/roundedimageview-2.3.0-sources.jar!/" />
    </SOURCES>
  </library>
</component>