<component name="libraryTable">
  <library name="Gradle: androidx.legacy:legacy-support-core-ui:1.0.0@aar">
    <CLASSES>
      <root url="jar://$PROJECT_DIR$/../.gradle/caches/transforms-2/files-2.1/44613a105502611b4d44e1f725ad4515/legacy-support-core-ui-1.0.0/jars/classes.jar!/" />
      <root url="file://$PROJECT_DIR$/../.gradle/caches/transforms-2/files-2.1/44613a105502611b4d44e1f725ad4515/legacy-support-core-ui-1.0.0/res" />
    </CLASSES>
    <JAVADOC />
    <SOURCES>
      <root url="jar://$PROJECT_DIR$/../.gradle/caches/modules-2/files-2.1/androidx.legacy/legacy-support-core-ui/1.0.0/f6044eaebe354c778f1f147ddb9e92a3f1e22fc7/legacy-support-core-ui-1.0.0-sources.jar!/" />
    </SOURCES>
  </library>
</component>