<component name="libraryTable">
  <library name="Gradle: androidx.lifecycle:lifecycle-viewmodel:2.2.0-alpha05@aar">
    <CLASSES>
      <root url="jar://$PROJECT_DIR$/../.gradle/caches/transforms-2/files-2.1/fb67c2d114727b6e5d1c83d5de796111/lifecycle-viewmodel-2.2.0-alpha05/jars/classes.jar!/" />
      <root url="file://$PROJECT_DIR$/../.gradle/caches/transforms-2/files-2.1/fb67c2d114727b6e5d1c83d5de796111/lifecycle-viewmodel-2.2.0-alpha05/res" />
    </CLASSES>
    <JAVADOC />
    <SOURCES>
      <root url="jar://$PROJECT_DIR$/../.gradle/caches/modules-2/files-2.1/androidx.lifecycle/lifecycle-viewmodel/2.2.0-alpha05/f2780d1c7710ed418017fb6138152a5429ddc7f7/lifecycle-viewmodel-2.2.0-alpha05-sources.jar!/" />
    </SOURCES>
  </library>
</component>