<component name="libraryTable">
  <library name="Gradle: com.squareup.okhttp3:okhttp:3.10.0@jar">
    <CLASSES>
      <root url="jar://$PROJECT_DIR$/../.gradle/caches/modules-2/files-2.1/com.squareup.okhttp3/okhttp/3.10.0/7ef0f1d95bf4c0b3ba30bbae25e0e562b05cf75e/okhttp-3.10.0.jar!/" />
    </CLASSES>
    <JAVADOC>
      <root url="jar://$PROJECT_DIR$/../.gradle/caches/modules-2/files-2.1/com.squareup.okhttp3/okhttp/3.10.0/340395260efeade793140f10c82fb1ecc6ce160c/okhttp-3.10.0-javadoc.jar!/" />
    </JAVADOC>
    <SOURCES>
      <root url="jar://$PROJECT_DIR$/../.gradle/caches/modules-2/files-2.1/com.squareup.okhttp3/okhttp/3.10.0/e99b7b608968f16b07104b93e62cb90701174d0/okhttp-3.10.0-sources.jar!/" />
    </SOURCES>
  </library>
</component>