<component name="libraryTable">
  <library name="Gradle: com.google.android.gms:play-services-measurement:17.2.0@aar">
    <CLASSES>
      <root url="jar://$PROJECT_DIR$/../.gradle/caches/transforms-2/files-2.1/aeae45c60075af3b619504f3a064d3de/play-services-measurement-17.2.0/jars/classes.jar!/" />
      <root url="file://$PROJECT_DIR$/../.gradle/caches/transforms-2/files-2.1/aeae45c60075af3b619504f3a064d3de/play-services-measurement-17.2.0/res" />
    </CLASSES>
    <JAVADOC>
      <root url="jar://$PROJECT_DIR$/../.gradle/caches/modules-2/files-2.1/com.google.android.gms/play-services-measurement/17.2.0/57c20fc80812fa09de65b4f2e248d514a9058936/play-services-measurement-17.2.0-javadoc.jar!/" />
    </JAVADOC>
    <SOURCES />
  </library>
</component>