<component name="libraryTable">
  <library name="Gradle: com.google.firebase:firebase-auth-interop:18.0.0@aar">
    <CLASSES>
      <root url="jar://$PROJECT_DIR$/../.gradle/caches/transforms-2/files-2.1/18fb42a488277aea3d912ccb8aeeef59/firebase-auth-interop-18.0.0/jars/classes.jar!/" />
      <root url="file://$PROJECT_DIR$/../.gradle/caches/transforms-2/files-2.1/18fb42a488277aea3d912ccb8aeeef59/firebase-auth-interop-18.0.0/res" />
    </CLASSES>
    <JAVADOC>
      <root url="jar://$PROJECT_DIR$/../.gradle/caches/modules-2/files-2.1/com.google.firebase/firebase-auth-interop/18.0.0/bd1ebd09ffab849632b6016851b5c84b4a573428/firebase-auth-interop-18.0.0-javadoc.jar!/" />
    </JAVADOC>
    <SOURCES />
  </library>
</component>