<component name="libraryTable">
  <library name="Gradle: com.google.android.gms:play-services-tasks:17.0.0@aar">
    <CLASSES>
      <root url="jar://$PROJECT_DIR$/../.gradle/caches/transforms-2/files-2.1/787b85488e4c68c8399afa265b76b6bd/play-services-tasks-17.0.0/jars/classes.jar!/" />
      <root url="file://$PROJECT_DIR$/../.gradle/caches/transforms-2/files-2.1/787b85488e4c68c8399afa265b76b6bd/play-services-tasks-17.0.0/res" />
    </CLASSES>
    <JAVADOC />
    <SOURCES />
  </library>
</component>