<component name="libraryTable">
  <library name="Gradle: com.google.firebase:firebase-messaging:19.0.1@aar">
    <CLASSES>
      <root url="jar://$PROJECT_DIR$/../.gradle/caches/transforms-2/files-2.1/76dc15d1d92ccfdced273c62feef16e2/jetified-firebase-messaging-19.0.1/jars/classes.jar!/" />
      <root url="file://$PROJECT_DIR$/../.gradle/caches/transforms-2/files-2.1/76dc15d1d92ccfdced273c62feef16e2/jetified-firebase-messaging-19.0.1/res" />
    </CLASSES>
    <JAVADOC>
      <root url="jar://$PROJECT_DIR$/../.gradle/caches/modules-2/files-2.1/com.google.firebase/firebase-messaging/19.0.1/f8d4d491c1e3f58e8f4e5ca0acd2c4a5a68cd15e/firebase-messaging-19.0.1-javadoc.jar!/" />
    </JAVADOC>
    <SOURCES />
  </library>
</component>