<component name="libraryTable">
  <library name="Gradle: androidx.interpolator:interpolator:1.0.0@aar">
    <CLASSES>
      <root url="jar://$PROJECT_DIR$/../.gradle/caches/transforms-2/files-2.1/a0274cead7eea965fef389b553b84523/interpolator-1.0.0/jars/classes.jar!/" />
      <root url="file://$PROJECT_DIR$/../.gradle/caches/transforms-2/files-2.1/a0274cead7eea965fef389b553b84523/interpolator-1.0.0/res" />
    </CLASSES>
    <JAVADOC />
    <SOURCES>
      <root url="jar://$PROJECT_DIR$/../.gradle/caches/modules-2/files-2.1/androidx.interpolator/interpolator/1.0.0/fefd5e3cbc479b6b4a9532d05688a1e659e8d3d2/interpolator-1.0.0-sources.jar!/" />
    </SOURCES>
  </library>
</component>