<component name="libraryTable">
  <library name="Gradle: org.hamcrest:hamcrest-core:1.3@jar">
    <CLASSES>
      <root url="jar://$PROJECT_DIR$/../.gradle/caches/modules-2/files-2.1/org.hamcrest/hamcrest-core/1.3/42a25dc3219429f0e5d060061f71acb49bf010a0/hamcrest-core-1.3.jar!/" />
    </CLASSES>
    <JAVADOC>
      <root url="jar://$PROJECT_DIR$/../.gradle/caches/modules-2/files-2.1/org.hamcrest/hamcrest-core/1.3/ad09811315f1d4f5756986575b0ea16b99cd686f/hamcrest-core-1.3-javadoc.jar!/" />
    </JAVADOC>
    <SOURCES>
      <root url="jar://$PROJECT_DIR$/../.gradle/caches/modules-2/files-2.1/org.hamcrest/hamcrest-core/1.3/1dc37250fbc78e23a65a67fbbaf71d2e9cbc3c0b/hamcrest-core-1.3-sources.jar!/" />
    </SOURCES>
  </library>
</component>