<component name="libraryTable">
  <library name="Gradle: androidx.coordinatorlayout:coordinatorlayout:1.0.0@aar">
    <ANNOTATIONS>
      <root url="jar://$PROJECT_DIR$/../.gradle/caches/transforms-2/files-2.1/2fff2064f129db19050cd531d480ba5e/coordinatorlayout-1.0.0/annotations.zip!/" />
    </ANNOTATIONS>
    <CLASSES>
      <root url="jar://$PROJECT_DIR$/../.gradle/caches/transforms-2/files-2.1/2fff2064f129db19050cd531d480ba5e/coordinatorlayout-1.0.0/jars/classes.jar!/" />
      <root url="file://$PROJECT_DIR$/../.gradle/caches/transforms-2/files-2.1/2fff2064f129db19050cd531d480ba5e/coordinatorlayout-1.0.0/res" />
    </CLASSES>
    <JAVADOC />
    <SOURCES>
      <root url="jar://$PROJECT_DIR$/../.gradle/caches/modules-2/files-2.1/androidx.coordinatorlayout/coordinatorlayout/1.0.0/4325b3c4422ad58201ed8dc15ae56bda9accedf2/coordinatorlayout-1.0.0-sources.jar!/" />
    </SOURCES>
  </library>
</component>