<component name="libraryTable">
  <library name="Gradle: androidx.lifecycle:lifecycle-viewmodel-savedstate:1.0.0-alpha05@aar">
    <CLASSES>
      <root url="jar://$PROJECT_DIR$/../.gradle/caches/transforms-2/files-2.1/4137cbf747c5d532709d4eb858fa35fc/lifecycle-viewmodel-savedstate-1.0.0-alpha05/jars/classes.jar!/" />
      <root url="file://$PROJECT_DIR$/../.gradle/caches/transforms-2/files-2.1/4137cbf747c5d532709d4eb858fa35fc/lifecycle-viewmodel-savedstate-1.0.0-alpha05/res" />
    </CLASSES>
    <JAVADOC />
    <SOURCES>
      <root url="jar://$PROJECT_DIR$/../.gradle/caches/modules-2/files-2.1/androidx.lifecycle/lifecycle-viewmodel-savedstate/1.0.0-alpha05/967d8e77084f73ef696ccbbb8b712d6cb0d8560/lifecycle-viewmodel-savedstate-1.0.0-alpha05-sources.jar!/" />
    </SOURCES>
  </library>
</component>