<component name="libraryTable">
  <library name="Gradle: androidx.slidingpanelayout:slidingpanelayout:1.0.0@aar">
    <CLASSES>
      <root url="jar://$PROJECT_DIR$/../.gradle/caches/transforms-2/files-2.1/71eea912ed8b69b39f96512f0271a36d/slidingpanelayout-1.0.0/jars/classes.jar!/" />
      <root url="file://$PROJECT_DIR$/../.gradle/caches/transforms-2/files-2.1/71eea912ed8b69b39f96512f0271a36d/slidingpanelayout-1.0.0/res" />
    </CLASSES>
    <JAVADOC />
    <SOURCES>
      <root url="jar://$PROJECT_DIR$/../.gradle/caches/modules-2/files-2.1/androidx.slidingpanelayout/slidingpanelayout/1.0.0/f3f2e4fded24d5969a86e1974ad7e96975d970a0/slidingpanelayout-1.0.0-sources.jar!/" />
    </SOURCES>
  </library>
</component>