<component name="libraryTable">
  <library name="Gradle: com.google.firebase:firebase-common:19.0.0@aar">
    <CLASSES>
      <root url="jar://$PROJECT_DIR$/../.gradle/caches/transforms-2/files-2.1/596333a9b6784f121856b93336bf2e4f/firebase-common-19.0.0/jars/classes.jar!/" />
      <root url="file://$PROJECT_DIR$/../.gradle/caches/transforms-2/files-2.1/596333a9b6784f121856b93336bf2e4f/firebase-common-19.0.0/res" />
    </CLASSES>
    <JAVADOC>
      <root url="jar://$PROJECT_DIR$/../.gradle/caches/modules-2/files-2.1/com.google.firebase/firebase-common/19.0.0/3ce5b4bffed10dfcf769548a71f01c8710fe6d1a/firebase-common-19.0.0-javadoc.jar!/" />
    </JAVADOC>
    <SOURCES>
      <root url="jar://$PROJECT_DIR$/../.gradle/caches/modules-2/files-2.1/com.google.firebase/firebase-common/19.0.0/41e3bec3a0b97c788f8d7c5de36078bc7f5fa453/firebase-common-19.0.0-sources.jar!/" />
    </SOURCES>
  </library>
</component>