<component name="libraryTable">
  <library name="Gradle: androidx.viewpager:viewpager:1.0.0@aar">
    <CLASSES>
      <root url="jar://$PROJECT_DIR$/../.gradle/caches/transforms-2/files-2.1/3cb0b38b9b07a00e1fe617429e52961b/viewpager-1.0.0/jars/classes.jar!/" />
      <root url="file://$PROJECT_DIR$/../.gradle/caches/transforms-2/files-2.1/3cb0b38b9b07a00e1fe617429e52961b/viewpager-1.0.0/res" />
    </CLASSES>
    <JAVADOC />
    <SOURCES>
      <root url="jar://$PROJECT_DIR$/../.gradle/caches/modules-2/files-2.1/androidx.viewpager/viewpager/1.0.0/db045f92188b9d247d5f556866f8861ab68528f0/viewpager-1.0.0-sources.jar!/" />
    </SOURCES>
  </library>
</component>