<component name="libraryTable">
  <library name="Gradle: com.google.android.material:material:1.0.0@aar">
    <ANNOTATIONS>
      <root url="jar://$PROJECT_DIR$/../.gradle/caches/transforms-2/files-2.1/6b505522d05a4d222e0cd4d8fbd4709c/material-1.0.0/annotations.zip!/" />
    </ANNOTATIONS>
    <CLASSES>
      <root url="jar://$PROJECT_DIR$/../.gradle/caches/transforms-2/files-2.1/6b505522d05a4d222e0cd4d8fbd4709c/material-1.0.0/jars/classes.jar!/" />
      <root url="file://$PROJECT_DIR$/../.gradle/caches/transforms-2/files-2.1/6b505522d05a4d222e0cd4d8fbd4709c/material-1.0.0/res" />
    </CLASSES>
    <JAVADOC />
    <SOURCES />
  </library>
</component>