<component name="libraryTable">
  <library name="Gradle: com.google.android.gms:play-services-auth-base:17.0.0@aar">
    <CLASSES>
      <root url="jar://$PROJECT_DIR$/../.gradle/caches/transforms-2/files-2.1/25bcb1d45521946722e044caa3568868/play-services-auth-base-17.0.0/jars/classes.jar!/" />
      <root url="file://$PROJECT_DIR$/../.gradle/caches/transforms-2/files-2.1/25bcb1d45521946722e044caa3568868/play-services-auth-base-17.0.0/res" />
    </CLASSES>
    <JAVADOC />
    <SOURCES />
  </library>
</component>