<component name="libraryTable">
  <library name="Gradle: com.squareup.picasso:picasso:2.71828@aar">
    <CLASSES>
      <root url="jar://$PROJECT_DIR$/../.gradle/caches/transforms-2/files-2.1/efd655c0072efa8bc5fd7f35f5e87680/jetified-picasso-2.71828/jars/classes.jar!/" />
      <root url="file://$PROJECT_DIR$/../.gradle/caches/transforms-2/files-2.1/efd655c0072efa8bc5fd7f35f5e87680/jetified-picasso-2.71828/res" />
    </CLASSES>
    <JAVADOC>
      <root url="jar://$PROJECT_DIR$/../.gradle/caches/modules-2/files-2.1/com.squareup.picasso/picasso/2.71828/2843564e6bac90b1e125104d7c842c87a96a8ee9/picasso-2.71828-javadoc.jar!/" />
    </JAVADOC>
    <SOURCES>
      <root url="jar://$PROJECT_DIR$/../.gradle/caches/modules-2/files-2.1/com.squareup.picasso/picasso/2.71828/41874e20a4d17fd4ad2052ac217073e14d00c910/picasso-2.71828-sources.jar!/" />
    </SOURCES>
  </library>
</component>