<component name="libraryTable">
  <library name="Gradle: com.google.android.gms:play-services-auth-api-phone:17.0.0@aar">
    <CLASSES>
      <root url="jar://$PROJECT_DIR$/../.gradle/caches/transforms-2/files-2.1/fc95b06b22a0242707afab0771e8fa72/play-services-auth-api-phone-17.0.0/jars/classes.jar!/" />
      <root url="file://$PROJECT_DIR$/../.gradle/caches/transforms-2/files-2.1/fc95b06b22a0242707afab0771e8fa72/play-services-auth-api-phone-17.0.0/res" />
    </CLASSES>
    <JAVADOC />
    <SOURCES />
  </library>
</component>