<component name="libraryTable">
  <library name="Gradle: androidx.documentfile:documentfile:1.0.0@aar">
    <CLASSES>
      <root url="jar://$PROJECT_DIR$/../.gradle/caches/transforms-2/files-2.1/956d55e6c35e17aaf0cb90c75946423b/documentfile-1.0.0/jars/classes.jar!/" />
      <root url="file://$PROJECT_DIR$/../.gradle/caches/transforms-2/files-2.1/956d55e6c35e17aaf0cb90c75946423b/documentfile-1.0.0/res" />
    </CLASSES>
    <JAVADOC />
    <SOURCES>
      <root url="jar://$PROJECT_DIR$/../.gradle/caches/modules-2/files-2.1/androidx.documentfile/documentfile/1.0.0/a1bed5cf96db96bd06a2feade98fe55653811dc8/documentfile-1.0.0-sources.jar!/" />
    </SOURCES>
  </library>
</component>