<component name="libraryTable">
  <library name="Gradle: com.google.firebase:firebase-analytics:17.2.0@aar">
    <CLASSES>
      <root url="jar://$PROJECT_DIR$/../.gradle/caches/transforms-2/files-2.1/73c2089530e29a0585ec770d30996835/firebase-analytics-17.2.0/jars/classes.jar!/" />
      <root url="file://$PROJECT_DIR$/../.gradle/caches/transforms-2/files-2.1/73c2089530e29a0585ec770d30996835/firebase-analytics-17.2.0/res" />
    </CLASSES>
    <JAVADOC>
      <root url="jar://$PROJECT_DIR$/../.gradle/caches/modules-2/files-2.1/com.google.firebase/firebase-analytics/17.2.0/fe98893ee733cc3273bcb20d2520312bfd78611/firebase-analytics-17.2.0-javadoc.jar!/" />
    </JAVADOC>
    <SOURCES />
  </library>
</component>