<component name="libraryTable">
  <library name="Gradle: androidx.cardview:cardview:1.0.0@aar">
    <CLASSES>
      <root url="jar://$PROJECT_DIR$/../.gradle/caches/transforms-2/files-2.1/34e64b9ec90d8eea384c1a799b479d5f/cardview-1.0.0/jars/classes.jar!/" />
      <root url="file://$PROJECT_DIR$/../.gradle/caches/transforms-2/files-2.1/34e64b9ec90d8eea384c1a799b479d5f/cardview-1.0.0/res" />
    </CLASSES>
    <JAVADOC />
    <SOURCES>
      <root url="jar://$PROJECT_DIR$/../.gradle/caches/modules-2/files-2.1/androidx.cardview/cardview/1.0.0/c9f3ce7ca74ad2c978230f4094ba6804c5166f9c/cardview-1.0.0-sources.jar!/" />
    </SOURCES>
  </library>
</component>