<component name="libraryTable">
  <library name="Gradle: androidx.lifecycle:lifecycle-runtime:2.2.0-alpha04@aar">
    <CLASSES>
      <root url="jar://$PROJECT_DIR$/../.gradle/caches/transforms-2/files-2.1/24e294d003977365bc836f3a1873c4f7/lifecycle-runtime-2.2.0-alpha04/jars/classes.jar!/" />
      <root url="file://$PROJECT_DIR$/../.gradle/caches/transforms-2/files-2.1/24e294d003977365bc836f3a1873c4f7/lifecycle-runtime-2.2.0-alpha04/res" />
    </CLASSES>
    <JAVADOC />
    <SOURCES>
      <root url="jar://$PROJECT_DIR$/../.gradle/caches/modules-2/files-2.1/androidx.lifecycle/lifecycle-runtime/2.2.0-alpha04/533a0cd1a095abbdfd08a49c4d34bd0713977034/lifecycle-runtime-2.2.0-alpha04-sources.jar!/" />
    </SOURCES>
  </library>
</component>