<component name="libraryTable">
  <library name="Gradle: com.google.android.gms:play-services-ads-identifier:17.0.0@aar">
    <CLASSES>
      <root url="jar://$PROJECT_DIR$/../.gradle/caches/transforms-2/files-2.1/491c98edb83a26e02c58e6cb56ac3813/play-services-ads-identifier-17.0.0/jars/classes.jar!/" />
      <root url="file://$PROJECT_DIR$/../.gradle/caches/transforms-2/files-2.1/491c98edb83a26e02c58e6cb56ac3813/play-services-ads-identifier-17.0.0/res" />
    </CLASSES>
    <JAVADOC />
    <SOURCES />
  </library>
</component>