<component name="libraryTable">
  <library name="Gradle: androidx.drawerlayout:drawerlayout:1.0.0@aar">
    <ANNOTATIONS>
      <root url="jar://$PROJECT_DIR$/../.gradle/caches/transforms-2/files-2.1/b5648d8d33c74966e7b63f8a2cf8471e/drawerlayout-1.0.0/annotations.zip!/" />
    </ANNOTATIONS>
    <CLASSES>
      <root url="jar://$PROJECT_DIR$/../.gradle/caches/transforms-2/files-2.1/b5648d8d33c74966e7b63f8a2cf8471e/drawerlayout-1.0.0/jars/classes.jar!/" />
      <root url="file://$PROJECT_DIR$/../.gradle/caches/transforms-2/files-2.1/b5648d8d33c74966e7b63f8a2cf8471e/drawerlayout-1.0.0/res" />
    </CLASSES>
    <JAVADOC />
    <SOURCES>
      <root url="jar://$PROJECT_DIR$/../.gradle/caches/modules-2/files-2.1/androidx.drawerlayout/drawerlayout/1.0.0/9ecd4ecb7da215ba4c5c3e00bf8d290dad6f2bc5/drawerlayout-1.0.0-sources.jar!/" />
    </SOURCES>
  </library>
</component>