<component name="libraryTable">
  <library name="Gradle: com.jakewharton:butterknife:10.1.0@aar">
    <CLASSES>
      <root url="jar://$PROJECT_DIR$/../.gradle/caches/transforms-2/files-2.1/868feea5ae772f8e8e945b605b40c494/butterknife-10.1.0/jars/classes.jar!/" />
      <root url="file://$PROJECT_DIR$/../.gradle/caches/transforms-2/files-2.1/868feea5ae772f8e8e945b605b40c494/butterknife-10.1.0/res" />
    </CLASSES>
    <JAVADOC>
      <root url="jar://$PROJECT_DIR$/../.gradle/caches/modules-2/files-2.1/com.jakewharton/butterknife/10.1.0/4cfddc9c643d9fe6fa923182f7042e0eaccea2d5/butterknife-10.1.0-javadoc.jar!/" />
    </JAVADOC>
    <SOURCES>
      <root url="jar://$PROJECT_DIR$/../.gradle/caches/modules-2/files-2.1/com.jakewharton/butterknife/10.1.0/e0b7445282716bb1e52b2e6baf88474f0f223e7b/butterknife-10.1.0-sources.jar!/" />
    </SOURCES>
  </library>
</component>