<component name="libraryTable">
  <library name="Gradle: com.google.android.gms:play-services-measurement-impl:17.2.0@aar">
    <CLASSES>
      <root url="jar://$PROJECT_DIR$/../.gradle/caches/transforms-2/files-2.1/e4ffca4b00bfd115a2e72b99255e4c45/play-services-measurement-impl-17.2.0/jars/classes.jar!/" />
      <root url="file://$PROJECT_DIR$/../.gradle/caches/transforms-2/files-2.1/e4ffca4b00bfd115a2e72b99255e4c45/play-services-measurement-impl-17.2.0/res" />
    </CLASSES>
    <JAVADOC>
      <root url="jar://$PROJECT_DIR$/../.gradle/caches/modules-2/files-2.1/com.google.android.gms/play-services-measurement-impl/17.2.0/9671f64eb5139b7e36417155756abe9b75d109b3/play-services-measurement-impl-17.2.0-javadoc.jar!/" />
    </JAVADOC>
    <SOURCES />
  </library>
</component>