<component name="libraryTable">
  <library name="Gradle: androidx.swiperefreshlayout:swiperefreshlayout:1.0.0@aar">
    <ANNOTATIONS>
      <root url="jar://$PROJECT_DIR$/../.gradle/caches/transforms-2/files-2.1/69d09d887d8d57b79d6d2731dc7b9ba5/swiperefreshlayout-1.0.0/annotations.zip!/" />
    </ANNOTATIONS>
    <CLASSES>
      <root url="jar://$PROJECT_DIR$/../.gradle/caches/transforms-2/files-2.1/69d09d887d8d57b79d6d2731dc7b9ba5/swiperefreshlayout-1.0.0/jars/classes.jar!/" />
      <root url="file://$PROJECT_DIR$/../.gradle/caches/transforms-2/files-2.1/69d09d887d8d57b79d6d2731dc7b9ba5/swiperefreshlayout-1.0.0/res" />
    </CLASSES>
    <JAVADOC />
    <SOURCES>
      <root url="jar://$PROJECT_DIR$/../.gradle/caches/modules-2/files-2.1/androidx.swiperefreshlayout/swiperefreshlayout/1.0.0/ab92d86c004eb1d48e45f311b02ca53d6c86b607/swiperefreshlayout-1.0.0-sources.jar!/" />
    </SOURCES>
  </library>
</component>