<component name="libraryTable">
  <library name="Gradle: com.google.firebase:firebase-auth:18.1.0@aar">
    <CLASSES>
      <root url="jar://$PROJECT_DIR$/../.gradle/caches/transforms-2/files-2.1/859025a961116ccc6abe9da7d84be1f5/firebase-auth-18.1.0/jars/classes.jar!/" />
      <root url="file://$PROJECT_DIR$/../.gradle/caches/transforms-2/files-2.1/859025a961116ccc6abe9da7d84be1f5/firebase-auth-18.1.0/res" />
    </CLASSES>
    <JAVADOC>
      <root url="jar://$PROJECT_DIR$/../.gradle/caches/modules-2/files-2.1/com.google.firebase/firebase-auth/18.1.0/9ce742a3a2e42c26b493cf1e954c020c7f8fe5a0/firebase-auth-18.1.0-javadoc.jar!/" />
    </JAVADOC>
    <SOURCES />
  </library>
</component>