<component name="libraryTable">
  <library name="Gradle: com.google.android.gms:play-services-measurement-sdk:17.2.0@aar">
    <CLASSES>
      <root url="jar://$PROJECT_DIR$/../.gradle/caches/transforms-2/files-2.1/4d43e85a85c59ae0955a5232c5518ae9/play-services-measurement-sdk-17.2.0/jars/classes.jar!/" />
      <root url="file://$PROJECT_DIR$/../.gradle/caches/transforms-2/files-2.1/4d43e85a85c59ae0955a5232c5518ae9/play-services-measurement-sdk-17.2.0/res" />
    </CLASSES>
    <JAVADOC>
      <root url="jar://$PROJECT_DIR$/../.gradle/caches/modules-2/files-2.1/com.google.android.gms/play-services-measurement-sdk/17.2.0/e873c91e45188ff0b5c88026319b84fa11f7195b/play-services-measurement-sdk-17.2.0-javadoc.jar!/" />
    </JAVADOC>
    <SOURCES />
  </library>
</component>