<component name="libraryTable">
  <library name="Gradle: androidx.core:core-ktx:1.1.0@aar">
    <CLASSES>
      <root url="jar://$PROJECT_DIR$/../.gradle/caches/transforms-2/files-2.1/3ff6ff6dba595120c6a82dedba40fdad/core-ktx-1.1.0/jars/classes.jar!/" />
      <root url="file://$PROJECT_DIR$/../.gradle/caches/transforms-2/files-2.1/3ff6ff6dba595120c6a82dedba40fdad/core-ktx-1.1.0/res" />
    </CLASSES>
    <JAVADOC />
    <SOURCES>
      <root url="jar://$PROJECT_DIR$/../.gradle/caches/modules-2/files-2.1/androidx.core/core-ktx/1.1.0/8e51cf92327310f53f74ba17a62d465f6fdde392/core-ktx-1.1.0-sources.jar!/" />
    </SOURCES>
  </library>
</component>