<component name="libraryTable">
  <library name="Gradle: androidx.navigation:navigation-fragment:2.2.0-alpha03@aar">
    <CLASSES>
      <root url="jar://$PROJECT_DIR$/../.gradle/caches/transforms-2/files-2.1/bebeecfa805d362b3e603fb01c6d9b6c/navigation-fragment-2.2.0-alpha03/jars/classes.jar!/" />
      <root url="file://$PROJECT_DIR$/../.gradle/caches/transforms-2/files-2.1/bebeecfa805d362b3e603fb01c6d9b6c/navigation-fragment-2.2.0-alpha03/res" />
    </CLASSES>
    <JAVADOC />
    <SOURCES>
      <root url="jar://$PROJECT_DIR$/../.gradle/caches/modules-2/files-2.1/androidx.navigation/navigation-fragment/2.2.0-alpha03/c43eb1b9da4b16e2f4714fe11317f1899b061851/navigation-fragment-2.2.0-alpha03-sources.jar!/" />
    </SOURCES>
  </library>
</component>