<component name="libraryTable">
  <library name="Gradle: androidx.navigation:navigation-runtime:2.2.0-alpha03@aar">
    <CLASSES>
      <root url="jar://$PROJECT_DIR$/../.gradle/caches/transforms-2/files-2.1/7a7fe47794cf848e6b10e1090f41dc11/navigation-runtime-2.2.0-alpha03/jars/classes.jar!/" />
      <root url="file://$PROJECT_DIR$/../.gradle/caches/transforms-2/files-2.1/7a7fe47794cf848e6b10e1090f41dc11/navigation-runtime-2.2.0-alpha03/res" />
    </CLASSES>
    <JAVADOC />
    <SOURCES>
      <root url="jar://$PROJECT_DIR$/../.gradle/caches/modules-2/files-2.1/androidx.navigation/navigation-runtime/2.2.0-alpha03/89656a4273bc9595c99d2a1b2d7c5035bc182938/navigation-runtime-2.2.0-alpha03-sources.jar!/" />
    </SOURCES>
  </library>
</component>