<component name="libraryTable">
  <library name="Gradle: androidx.annotation:annotation:1.1.0@jar">
    <CLASSES>
      <root url="jar://$PROJECT_DIR$/../.gradle/caches/modules-2/files-2.1/androidx.annotation/annotation/1.1.0/e3a6fb2f40e3a3842e6b7472628ba4ce416ea4c8/annotation-1.1.0.jar!/" />
    </CLASSES>
    <JAVADOC>
      <root url="jar://$PROJECT_DIR$/../.gradle/caches/modules-2/files-2.1/androidx.annotation/annotation/1.1.0/408af38ec57369afe3fd6466e1c4bfdd5f15fc92/annotation-1.1.0-javadoc.jar!/" />
    </JAVADOC>
    <SOURCES>
      <root url="jar://$PROJECT_DIR$/../.gradle/caches/modules-2/files-2.1/androidx.annotation/annotation/1.1.0/8b7bdc00eb4d998bfbc76767b098620990f2a805/annotation-1.1.0-sources.jar!/" />
    </SOURCES>
  </library>
</component>