<component name="libraryTable">
  <library name="Gradle: com.google.android.gms:play-services-basement:17.0.0@aar">
    <CLASSES>
      <root url="jar://$PROJECT_DIR$/../.gradle/caches/transforms-2/files-2.1/cc0e0fff70e749339a5a8d5e7369be92/jetified-play-services-basement-17.0.0/jars/classes.jar!/" />
      <root url="file://$PROJECT_DIR$/../.gradle/caches/transforms-2/files-2.1/cc0e0fff70e749339a5a8d5e7369be92/jetified-play-services-basement-17.0.0/res" />
    </CLASSES>
    <JAVADOC>
      <root url="jar://$PROJECT_DIR$/../.gradle/caches/modules-2/files-2.1/com.google.android.gms/play-services-basement/17.0.0/4faccf8c10bad282388a4067b8ef53d8476bbbc8/play-services-basement-17.0.0-javadoc.jar!/" />
    </JAVADOC>
    <SOURCES />
  </library>
</component>