<component name="libraryTable">
  <library name="Gradle: com.google.android.gms:play-services-measurement-sdk-api:17.2.0@aar">
    <CLASSES>
      <root url="jar://$PROJECT_DIR$/../.gradle/caches/transforms-2/files-2.1/9db7d94adc3fd024eeac5627dc9a8c4f/play-services-measurement-sdk-api-17.2.0/jars/classes.jar!/" />
      <root url="file://$PROJECT_DIR$/../.gradle/caches/transforms-2/files-2.1/9db7d94adc3fd024eeac5627dc9a8c4f/play-services-measurement-sdk-api-17.2.0/res" />
    </CLASSES>
    <JAVADOC>
      <root url="jar://$PROJECT_DIR$/../.gradle/caches/modules-2/files-2.1/com.google.android.gms/play-services-measurement-sdk-api/17.2.0/e3a40ffbafcf892cee044bbc5a15bf3fad7394d3/play-services-measurement-sdk-api-17.2.0-javadoc.jar!/" />
    </JAVADOC>
    <SOURCES />
  </library>
</component>