<component name="libraryTable">
  <library name="Gradle: androidx.databinding:databinding-common:3.5.0@jar">
    <CLASSES>
      <root url="jar://$PROJECT_DIR$/../.gradle/caches/modules-2/files-2.1/androidx.databinding/databinding-common/3.5.0/ad17a14009fa4322bf1f90fd8ca631992e5d667f/databinding-common-3.5.0.jar!/" />
    </CLASSES>
    <JAVADOC>
      <root url="jar://$PROJECT_DIR$/../.gradle/caches/modules-2/files-2.1/androidx.databinding/databinding-common/3.5.0/a7c00f8aa533aeeaf6284f6be2f0843ed305ce57/databinding-common-3.5.0-javadoc.jar!/" />
    </JAVADOC>
    <SOURCES>
      <root url="jar://$PROJECT_DIR$/../.gradle/caches/modules-2/files-2.1/androidx.databinding/databinding-common/3.5.0/486facfb166330db5e98d6cf47688253ddcb4147/databinding-common-3.5.0-sources.jar!/" />
    </SOURCES>
  </library>
</component>