<component name="libraryTable">
  <library name="Gradle: com.google.android.gms:play-services-stats:17.0.0@aar">
    <CLASSES>
      <root url="jar://$PROJECT_DIR$/../.gradle/caches/transforms-2/files-2.1/e9b0aa89e2ceb03a03eebfa75610dc96/play-services-stats-17.0.0/jars/classes.jar!/" />
      <root url="file://$PROJECT_DIR$/../.gradle/caches/transforms-2/files-2.1/e9b0aa89e2ceb03a03eebfa75610dc96/play-services-stats-17.0.0/res" />
    </CLASSES>
    <JAVADOC />
    <SOURCES />
  </library>
</component>