<component name="libraryTable">
  <library name="Gradle: com.google.android.gms:play-services-auth:17.0.0@aar">
    <CLASSES>
      <root url="jar://$PROJECT_DIR$/../.gradle/caches/transforms-2/files-2.1/658a4dab0f8632adbdb7fcb487f06933/play-services-auth-17.0.0/jars/classes.jar!/" />
      <root url="file://$PROJECT_DIR$/../.gradle/caches/transforms-2/files-2.1/658a4dab0f8632adbdb7fcb487f06933/play-services-auth-17.0.0/res" />
    </CLASSES>
    <JAVADOC />
    <SOURCES />
  </library>
</component>