<component name="libraryTable">
  <library name="Gradle: com.google.firebase:firebase-core:17.0.1@aar">
    <CLASSES>
      <root url="jar://$PROJECT_DIR$/../.gradle/caches/transforms-2/files-2.1/6791627a3e186dfa5061a0eda35a7d71/firebase-core-17.0.1/jars/classes.jar!/" />
      <root url="file://$PROJECT_DIR$/../.gradle/caches/transforms-2/files-2.1/6791627a3e186dfa5061a0eda35a7d71/firebase-core-17.0.1/res" />
    </CLASSES>
    <JAVADOC>
      <root url="jar://$PROJECT_DIR$/../.gradle/caches/modules-2/files-2.1/com.google.firebase/firebase-core/17.0.1/fe98893ee733cc3273bcb20d2520312bfd78611/firebase-core-17.0.1-javadoc.jar!/" />
    </JAVADOC>
    <SOURCES />
  </library>
</component>