<component name="libraryTable">
  <library name="Gradle: androidx.constraintlayout:constraintlayout:1.1.3@aar">
    <CLASSES>
      <root url="jar://$PROJECT_DIR$/../.gradle/caches/transforms-2/files-2.1/f00b534ea7e95134af2f489cf6ca42ad/constraintlayout-1.1.3/jars/classes.jar!/" />
      <root url="file://$PROJECT_DIR$/../.gradle/caches/transforms-2/files-2.1/f00b534ea7e95134af2f489cf6ca42ad/constraintlayout-1.1.3/res" />
    </CLASSES>
    <JAVADOC />
    <SOURCES />
  </library>
</component>