<component name="libraryTable">
  <library name="Gradle: androidx.arch.core:core-runtime:2.1.0@aar">
    <CLASSES>
      <root url="jar://$PROJECT_DIR$/../.gradle/caches/transforms-2/files-2.1/0da17397995359aa8ead12017949745e/core-runtime-2.1.0/jars/classes.jar!/" />
      <root url="file://$PROJECT_DIR$/../.gradle/caches/transforms-2/files-2.1/0da17397995359aa8ead12017949745e/core-runtime-2.1.0/res" />
    </CLASSES>
    <JAVADOC />
    <SOURCES>
      <root url="jar://$PROJECT_DIR$/../.gradle/caches/modules-2/files-2.1/androidx.arch.core/core-runtime/2.1.0/f19886651c9946b39f83d8c184fd0e2ce9f43c16/core-runtime-2.1.0-sources.jar!/" />
    </SOURCES>
  </library>
</component>