<component name="libraryTable">
  <library name="Gradle: androidx.media:media:1.0.0@aar">
    <ANNOTATIONS>
      <root url="jar://$PROJECT_DIR$/../.gradle/caches/transforms-2/files-2.1/021787baae242ab7603e0da018b5985d/media-1.0.0/annotations.zip!/" />
    </ANNOTATIONS>
    <CLASSES>
      <root url="jar://$PROJECT_DIR$/../.gradle/caches/transforms-2/files-2.1/021787baae242ab7603e0da018b5985d/media-1.0.0/jars/classes.jar!/" />
      <root url="file://$PROJECT_DIR$/../.gradle/caches/transforms-2/files-2.1/021787baae242ab7603e0da018b5985d/media-1.0.0/res" />
    </CLASSES>
    <JAVADOC />
    <SOURCES>
      <root url="jar://$PROJECT_DIR$/../.gradle/caches/modules-2/files-2.1/androidx.media/media/1.0.0/5faf25be15e16e27275f5c7e04e15e944ebccea0/media-1.0.0-sources.jar!/" />
    </SOURCES>
  </library>
</component>