<component name="libraryTable">
  <library name="Gradle: cn.zhaiyifan:rememberedittext:0.9.0@aar">
    <CLASSES>
      <root url="jar://$PROJECT_DIR$/../.gradle/caches/transforms-2/files-2.1/0b152ba930090b5c43ead01a02112fae/rememberedittext-0.9.0/jars/classes.jar!/" />
      <root url="file://$PROJECT_DIR$/../.gradle/caches/transforms-2/files-2.1/0b152ba930090b5c43ead01a02112fae/rememberedittext-0.9.0/res" />
    </CLASSES>
    <JAVADOC>
      <root url="jar://$PROJECT_DIR$/../.gradle/caches/modules-2/files-2.1/cn.zhaiyifan/rememberedittext/0.9.0/ad6ec3527408b8a01344f3f93c5fa050a87a84ff/rememberedittext-0.9.0-javadoc.jar!/" />
    </JAVADOC>
    <SOURCES>
      <root url="jar://$PROJECT_DIR$/../.gradle/caches/modules-2/files-2.1/cn.zhaiyifan/rememberedittext/0.9.0/36ca54a89b341aac132e6b27d3fbb82ef33095f4/rememberedittext-0.9.0-sources.jar!/" />
    </SOURCES>
  </library>
</component>