<component name="libraryTable">
  <library name="Gradle: com.google.android.gms:play-services-measurement-base:17.2.0@aar">
    <CLASSES>
      <root url="jar://$PROJECT_DIR$/../.gradle/caches/transforms-2/files-2.1/9736f50e9ec49ae753f97b8d81d2201a/play-services-measurement-base-17.2.0/jars/classes.jar!/" />
      <root url="file://$PROJECT_DIR$/../.gradle/caches/transforms-2/files-2.1/9736f50e9ec49ae753f97b8d81d2201a/play-services-measurement-base-17.2.0/res" />
    </CLASSES>
    <JAVADOC>
      <root url="jar://$PROJECT_DIR$/../.gradle/caches/modules-2/files-2.1/com.google.android.gms/play-services-measurement-base/17.2.0/81d06b784340d33e444ab6633dfacc3f01f2e485/play-services-measurement-base-17.2.0-javadoc.jar!/" />
    </JAVADOC>
    <SOURCES />
  </library>
</component>