<component name="libraryTable">
  <library name="Gradle: androidx.exifinterface:exifinterface:1.0.0@aar">
    <ANNOTATIONS>
      <root url="jar://$PROJECT_DIR$/../.gradle/caches/transforms-2/files-2.1/70111e99d74f9c06654e2006c44151c6/exifinterface-1.0.0/annotations.zip!/" />
    </ANNOTATIONS>
    <CLASSES>
      <root url="jar://$PROJECT_DIR$/../.gradle/caches/transforms-2/files-2.1/70111e99d74f9c06654e2006c44151c6/exifinterface-1.0.0/jars/classes.jar!/" />
      <root url="file://$PROJECT_DIR$/../.gradle/caches/transforms-2/files-2.1/70111e99d74f9c06654e2006c44151c6/exifinterface-1.0.0/res" />
    </CLASSES>
    <JAVADOC />
    <SOURCES>
      <root url="jar://$PROJECT_DIR$/../.gradle/caches/modules-2/files-2.1/androidx.exifinterface/exifinterface/1.0.0/cb592500decea684137bd17587a92eee4e2568e/exifinterface-1.0.0-sources.jar!/" />
    </SOURCES>
  </library>
</component>