<component name="libraryTable">
  <library name="Gradle: androidx.fragment:fragment:1.2.0-alpha04@aar">
    <ANNOTATIONS>
      <root url="jar://$PROJECT_DIR$/../.gradle/caches/transforms-2/files-2.1/9efceac7d6a5fc546f4fbd75134cb041/fragment-1.2.0-alpha04/annotations.zip!/" />
    </ANNOTATIONS>
    <CLASSES>
      <root url="jar://$PROJECT_DIR$/../.gradle/caches/transforms-2/files-2.1/9efceac7d6a5fc546f4fbd75134cb041/fragment-1.2.0-alpha04/jars/classes.jar!/" />
      <root url="file://$PROJECT_DIR$/../.gradle/caches/transforms-2/files-2.1/9efceac7d6a5fc546f4fbd75134cb041/fragment-1.2.0-alpha04/res" />
    </CLASSES>
    <JAVADOC />
    <SOURCES>
      <root url="jar://$PROJECT_DIR$/../.gradle/caches/modules-2/files-2.1/androidx.fragment/fragment/1.2.0-alpha04/1542043b02e45608ff87f1c32f96abd2d7dd5597/fragment-1.2.0-alpha04-sources.jar!/" />
    </SOURCES>
  </library>
</component>