<component name="libraryTable">
  <library name="Gradle: androidx.asynclayoutinflater:asynclayoutinflater:1.0.0@aar">
    <CLASSES>
      <root url="jar://$PROJECT_DIR$/../.gradle/caches/transforms-2/files-2.1/e85fca0a8190a5f92fb1c8f4e0f8b334/asynclayoutinflater-1.0.0/jars/classes.jar!/" />
      <root url="file://$PROJECT_DIR$/../.gradle/caches/transforms-2/files-2.1/e85fca0a8190a5f92fb1c8f4e0f8b334/asynclayoutinflater-1.0.0/res" />
    </CLASSES>
    <JAVADOC />
    <SOURCES>
      <root url="jar://$PROJECT_DIR$/../.gradle/caches/modules-2/files-2.1/androidx.asynclayoutinflater/asynclayoutinflater/1.0.0/ac4d50701fce5c88dcc514f58e695cd32f05134c/asynclayoutinflater-1.0.0-sources.jar!/" />
    </SOURCES>
  </library>
</component>