<component name="libraryTable">
  <library name="Gradle: androidx.savedstate:savedstate:1.0.0@aar">
    <CLASSES>
      <root url="jar://$PROJECT_DIR$/../.gradle/caches/transforms-2/files-2.1/c6a9f7403b6cca3f40a04625ad4b50d2/savedstate-1.0.0/jars/classes.jar!/" />
      <root url="file://$PROJECT_DIR$/../.gradle/caches/transforms-2/files-2.1/c6a9f7403b6cca3f40a04625ad4b50d2/savedstate-1.0.0/res" />
    </CLASSES>
    <JAVADOC />
    <SOURCES>
      <root url="jar://$PROJECT_DIR$/../.gradle/caches/modules-2/files-2.1/androidx.savedstate/savedstate/1.0.0/e6daf87ed227a6f80bb8accb466755a5ee01a652/savedstate-1.0.0-sources.jar!/" />
    </SOURCES>
  </library>
</component>