<component name="libraryTable">
  <library name="Gradle: androidx.loader:loader:1.0.0@aar">
    <CLASSES>
      <root url="jar://$PROJECT_DIR$/../.gradle/caches/transforms-2/files-2.1/2a710566a8980003b44dddc65ff770ba/loader-1.0.0/jars/classes.jar!/" />
      <root url="file://$PROJECT_DIR$/../.gradle/caches/transforms-2/files-2.1/2a710566a8980003b44dddc65ff770ba/loader-1.0.0/res" />
    </CLASSES>
    <JAVADOC />
    <SOURCES>
      <root url="jar://$PROJECT_DIR$/../.gradle/caches/modules-2/files-2.1/androidx.loader/loader/1.0.0/b9ef587f3e46c7fe5b00264989764e43ff45cada/loader-1.0.0-sources.jar!/" />
    </SOURCES>
  </library>
</component>