<component name="libraryTable">
  <library name="Gradle: org.jetbrains.kotlin:kotlin-stdlib-jdk7:1.3.21@jar">
    <CLASSES>
      <root url="jar://$PROJECT_DIR$/../.gradle/caches/modules-2/files-2.1/org.jetbrains.kotlin/kotlin-stdlib-jdk7/1.3.21/d207ce2c9bcf17dc8e51bab4dbfdac4d013e7138/kotlin-stdlib-jdk7-1.3.21.jar!/" />
    </CLASSES>
    <JAVADOC>
      <root url="jar://$PROJECT_DIR$/../.gradle/caches/modules-2/files-2.1/org.jetbrains.kotlin/kotlin-stdlib-jdk7/1.3.21/c1cf6e5cf2dcc77a1bf2b9fef3ad52172adc3b8e/kotlin-stdlib-jdk7-1.3.21-javadoc.jar!/" />
    </JAVADOC>
    <SOURCES>
      <root url="jar://$PROJECT_DIR$/../.gradle/caches/modules-2/files-2.1/org.jetbrains.kotlin/kotlin-stdlib-jdk7/1.3.21/93dd94ae3e45cbde664abacd9d4c9b1b99f34201/kotlin-stdlib-jdk7-1.3.21-sources.jar!/" />
    </SOURCES>
  </library>
</component>