<component name="libraryTable">
  <library name="Gradle: de.hdodenhof:circleimageview:3.0.1@aar">
    <CLASSES>
      <root url="jar://$PROJECT_DIR$/../.gradle/caches/transforms-2/files-2.1/3fb2cbcfa6189801c551c9fc1a9fdc8b/circleimageview-3.0.1/jars/classes.jar!/" />
      <root url="file://$PROJECT_DIR$/../.gradle/caches/transforms-2/files-2.1/3fb2cbcfa6189801c551c9fc1a9fdc8b/circleimageview-3.0.1/res" />
    </CLASSES>
    <JAVADOC>
      <root url="jar://$PROJECT_DIR$/../.gradle/caches/modules-2/files-2.1/de.hdodenhof/circleimageview/3.0.1/ee133b876e47ad581305c326e4428fe06439a800/circleimageview-3.0.1-javadoc.jar!/" />
    </JAVADOC>
    <SOURCES>
      <root url="jar://$PROJECT_DIR$/../.gradle/caches/modules-2/files-2.1/de.hdodenhof/circleimageview/3.0.1/9d882470a02579e27d3179da98d110e4d77b8be6/circleimageview-3.0.1-sources.jar!/" />
    </SOURCES>
  </library>
</component>