<component name="libraryTable">
  <library name="Gradle: androidx.databinding:databinding-adapters:3.5.0@aar">
    <CLASSES>
      <root url="jar://$PROJECT_DIR$/../.gradle/caches/transforms-2/files-2.1/286e4c00bc80da938cde6a8a45714a8d/databinding-adapters-3.5.0/jars/classes.jar!/" />
      <root url="file://$PROJECT_DIR$/../.gradle/caches/transforms-2/files-2.1/286e4c00bc80da938cde6a8a45714a8d/databinding-adapters-3.5.0/res" />
    </CLASSES>
    <JAVADOC />
    <SOURCES>
      <root url="jar://$PROJECT_DIR$/../.gradle/caches/modules-2/files-2.1/androidx.databinding/databinding-adapters/3.5.0/d6d25f12aedf0920c375597bf8061e5692b09778/databinding-adapters-3.5.0-sources.jar!/" />
    </SOURCES>
  </library>
</component>