<component name="libraryTable">
  <library name="Gradle: com.google.firebase:firebase-database:18.0.1@aar">
    <CLASSES>
      <root url="jar://$PROJECT_DIR$/../.gradle/caches/transforms-2/files-2.1/2628c33dd00deb9ab95eb6217222e339/firebase-database-18.0.1/jars/classes.jar!/" />
      <root url="file://$PROJECT_DIR$/../.gradle/caches/transforms-2/files-2.1/2628c33dd00deb9ab95eb6217222e339/firebase-database-18.0.1/res" />
    </CLASSES>
    <JAVADOC>
      <root url="jar://$PROJECT_DIR$/../.gradle/caches/modules-2/files-2.1/com.google.firebase/firebase-database/18.0.1/978091c77dc0dfc743036dcb5afe3d0e01a31724/firebase-database-18.0.1-javadoc.jar!/" />
    </JAVADOC>
    <SOURCES>
      <root url="jar://$PROJECT_DIR$/../.gradle/caches/modules-2/files-2.1/com.google.firebase/firebase-database/18.0.1/2523d87a51822311873edd1128c9ff7de420ebea/firebase-database-18.0.1-sources.jar!/" />
    </SOURCES>
  </library>
</component>