<component name="libraryTable">
  <library name="Gradle: androidx.recyclerview:recyclerview:1.0.0@aar">
    <ANNOTATIONS>
      <root url="jar://$PROJECT_DIR$/../.gradle/caches/transforms-2/files-2.1/7d4769f91a45b0e6d11b620b39ba8cf6/recyclerview-1.0.0/annotations.zip!/" />
    </ANNOTATIONS>
    <CLASSES>
      <root url="jar://$PROJECT_DIR$/../.gradle/caches/transforms-2/files-2.1/7d4769f91a45b0e6d11b620b39ba8cf6/recyclerview-1.0.0/jars/classes.jar!/" />
      <root url="file://$PROJECT_DIR$/../.gradle/caches/transforms-2/files-2.1/7d4769f91a45b0e6d11b620b39ba8cf6/recyclerview-1.0.0/res" />
    </CLASSES>
    <JAVADOC />
    <SOURCES>
      <root url="jar://$PROJECT_DIR$/../.gradle/caches/modules-2/files-2.1/androidx.recyclerview/recyclerview/1.0.0/2151d26c3b241f0a887f2dadb9ab091649fcf020/recyclerview-1.0.0-sources.jar!/" />
    </SOURCES>
  </library>
</component>