<component name="libraryTable">
  <library name="Gradle: androidx.preference:preference:1.0.0@aar">
    <CLASSES>
      <root url="jar://$PROJECT_DIR$/../.gradle/caches/transforms-2/files-2.1/4b3f9a7b0d5fa8b66a01d62d38065bd7/preference-1.0.0/jars/classes.jar!/" />
      <root url="file://$PROJECT_DIR$/../.gradle/caches/transforms-2/files-2.1/4b3f9a7b0d5fa8b66a01d62d38065bd7/preference-1.0.0/res" />
    </CLASSES>
    <JAVADOC />
    <SOURCES>
      <root url="jar://$PROJECT_DIR$/../.gradle/caches/modules-2/files-2.1/androidx.preference/preference/1.0.0/3eb748f2645fba8bb4510f4a53456dfcde7f8a0d/preference-1.0.0-sources.jar!/" />
    </SOURCES>
  </library>
</component>