<component name="libraryTable">
  <library name="Gradle: com.hbb20:ccp:2.2.9@aar">
    <CLASSES>
      <root url="jar://$PROJECT_DIR$/../.gradle/caches/transforms-2/files-2.1/5dbf7859571de88250af47617fbadefe/jetified-ccp-2.2.9/jars/classes.jar!/" />
      <root url="file://$PROJECT_DIR$/../.gradle/caches/transforms-2/files-2.1/5dbf7859571de88250af47617fbadefe/jetified-ccp-2.2.9/res" />
    </CLASSES>
    <JAVADOC>
      <root url="jar://$PROJECT_DIR$/../.gradle/caches/modules-2/files-2.1/com.hbb20/ccp/2.2.9/4b6122aecb7c6e3b1cf0c8cd211e8ca1dd311127/ccp-2.2.9-javadoc.jar!/" />
    </JAVADOC>
    <SOURCES>
      <root url="jar://$PROJECT_DIR$/../.gradle/caches/modules-2/files-2.1/com.hbb20/ccp/2.2.9/ae6cd34ebd9ef704a41360e2f66df5711754d1a2/ccp-2.2.9-sources.jar!/" />
    </SOURCES>
  </library>
</component>