<component name="libraryTable">
  <library name="Gradle: androidx.navigation:navigation-common:2.2.0-alpha03@aar">
    <CLASSES>
      <root url="jar://$PROJECT_DIR$/../.gradle/caches/transforms-2/files-2.1/596a0a5dd6aff78d1f85e51ac4ba6fec/navigation-common-2.2.0-alpha03/jars/classes.jar!/" />
      <root url="file://$PROJECT_DIR$/../.gradle/caches/transforms-2/files-2.1/596a0a5dd6aff78d1f85e51ac4ba6fec/navigation-common-2.2.0-alpha03/res" />
    </CLASSES>
    <JAVADOC />
    <SOURCES>
      <root url="jar://$PROJECT_DIR$/../.gradle/caches/modules-2/files-2.1/androidx.navigation/navigation-common/2.2.0-alpha03/ac63351c2761c670fe972f494f22516a950c7f7/navigation-common-2.2.0-alpha03-sources.jar!/" />
    </SOURCES>
  </library>
</component>