<component name="libraryTable">
  <library name="Gradle: androidx.vectordrawable:vectordrawable:1.1.0@aar">
    <CLASSES>
      <root url="jar://$PROJECT_DIR$/../.gradle/caches/transforms-2/files-2.1/1ecb8c1b2dd7d8e8e4e932835de1a407/vectordrawable-1.1.0/jars/classes.jar!/" />
      <root url="file://$PROJECT_DIR$/../.gradle/caches/transforms-2/files-2.1/1ecb8c1b2dd7d8e8e4e932835de1a407/vectordrawable-1.1.0/res" />
    </CLASSES>
    <JAVADOC />
    <SOURCES>
      <root url="jar://$PROJECT_DIR$/../.gradle/caches/modules-2/files-2.1/androidx.vectordrawable/vectordrawable/1.1.0/1e0694477eed874c50c54b547cc3e5a62a57a62b/vectordrawable-1.1.0-sources.jar!/" />
    </SOURCES>
  </library>
</component>