<component name="libraryTable">
  <library name="Gradle: androidx.legacy:legacy-support-v4:1.0.0@aar">
    <CLASSES>
      <root url="jar://$PROJECT_DIR$/../.gradle/caches/transforms-2/files-2.1/24abbe0a19172d8b6da85e4df6525971/legacy-support-v4-1.0.0/jars/classes.jar!/" />
      <root url="file://$PROJECT_DIR$/../.gradle/caches/transforms-2/files-2.1/24abbe0a19172d8b6da85e4df6525971/legacy-support-v4-1.0.0/res" />
    </CLASSES>
    <JAVADOC />
    <SOURCES>
      <root url="jar://$PROJECT_DIR$/../.gradle/caches/modules-2/files-2.1/androidx.legacy/legacy-support-v4/1.0.0/5b8f86fea035328fc9e8c660773037a3401ce25f/legacy-support-v4-1.0.0-sources.jar!/" />
    </SOURCES>
  </library>
</component>