<component name="libraryTable">
  <library name="Gradle: androidx.navigation:navigation-ui:2.2.0-alpha03@aar">
    <CLASSES>
      <root url="jar://$PROJECT_DIR$/../.gradle/caches/transforms-2/files-2.1/70c0151c1b2748ad9c38256cbca6ad99/jetified-navigation-ui-2.2.0-alpha03/jars/classes.jar!/" />
      <root url="file://$PROJECT_DIR$/../.gradle/caches/transforms-2/files-2.1/70c0151c1b2748ad9c38256cbca6ad99/jetified-navigation-ui-2.2.0-alpha03/res" />
    </CLASSES>
    <JAVADOC />
    <SOURCES>
      <root url="jar://$PROJECT_DIR$/../.gradle/caches/modules-2/files-2.1/androidx.navigation/navigation-ui/2.2.0-alpha03/7efb6a20e39a1af8e697b786a33dcc828cefba69/navigation-ui-2.2.0-alpha03-sources.jar!/" />
    </SOURCES>
  </library>
</component>