<component name="libraryTable">
  <library name="Gradle: com.google.firebase:firebase-iid-interop:17.0.0@aar">
    <CLASSES>
      <root url="jar://$PROJECT_DIR$/../.gradle/caches/transforms-2/files-2.1/95b690a49dd1f07d0ddcd897d21f7657/firebase-iid-interop-17.0.0/jars/classes.jar!/" />
      <root url="file://$PROJECT_DIR$/../.gradle/caches/transforms-2/files-2.1/95b690a49dd1f07d0ddcd897d21f7657/firebase-iid-interop-17.0.0/res" />
    </CLASSES>
    <JAVADOC />
    <SOURCES />
  </library>
</component>