<component name="libraryTable">
  <library name="Gradle: androidx.print:print:1.0.0@aar">
    <ANNOTATIONS>
      <root url="jar://$PROJECT_DIR$/../.gradle/caches/transforms-2/files-2.1/8ebcd98e54843eb0f86ca9fcb5db26b1/print-1.0.0/annotations.zip!/" />
    </ANNOTATIONS>
    <CLASSES>
      <root url="jar://$PROJECT_DIR$/../.gradle/caches/transforms-2/files-2.1/8ebcd98e54843eb0f86ca9fcb5db26b1/print-1.0.0/jars/classes.jar!/" />
      <root url="file://$PROJECT_DIR$/../.gradle/caches/transforms-2/files-2.1/8ebcd98e54843eb0f86ca9fcb5db26b1/print-1.0.0/res" />
    </CLASSES>
    <JAVADOC />
    <SOURCES>
      <root url="jar://$PROJECT_DIR$/../.gradle/caches/modules-2/files-2.1/androidx.print/print/1.0.0/71fc2d9acf7cce6b96230c5af263268b1664914a/print-1.0.0-sources.jar!/" />
    </SOURCES>
  </library>
</component>