<component name="libraryTable">
  <library name="Gradle: androidx.customview:customview:1.0.0@aar">
    <CLASSES>
      <root url="jar://$PROJECT_DIR$/../.gradle/caches/transforms-2/files-2.1/f31e04e325c612130587a22323942595/customview-1.0.0/jars/classes.jar!/" />
      <root url="file://$PROJECT_DIR$/../.gradle/caches/transforms-2/files-2.1/f31e04e325c612130587a22323942595/customview-1.0.0/res" />
    </CLASSES>
    <JAVADOC />
    <SOURCES>
      <root url="jar://$PROJECT_DIR$/../.gradle/caches/modules-2/files-2.1/androidx.customview/customview/1.0.0/61f6a717d144dff3a6bda413d9abeeb2bca71581/customview-1.0.0-sources.jar!/" />
    </SOURCES>
  </library>
</component>