<component name="libraryTable">
  <library name="Gradle: org.jetbrains.kotlin:kotlin-stdlib:1.3.31@jar">
    <CLASSES>
      <root url="jar://$PROJECT_DIR$/../.gradle/caches/modules-2/files-2.1/org.jetbrains.kotlin/kotlin-stdlib/1.3.31/11289d20fd95ae219333f3456072be9f081c30cc/kotlin-stdlib-1.3.31.jar!/" />
    </CLASSES>
    <JAVADOC>
      <root url="jar://$PROJECT_DIR$/../.gradle/caches/modules-2/files-2.1/org.jetbrains.kotlin/kotlin-stdlib/1.3.31/96c6015b297a28e6e1b1c3235a36e237a55449bf/kotlin-stdlib-1.3.31-javadoc.jar!/" />
    </JAVADOC>
    <SOURCES>
      <root url="jar://$PROJECT_DIR$/../.gradle/caches/modules-2/files-2.1/org.jetbrains.kotlin/kotlin-stdlib/1.3.31/d16c788b755be19bf8a7eace113755519a1d7182/kotlin-stdlib-1.3.31-sources.jar!/" />
    </SOURCES>
  </library>
</component>