<component name="libraryTable">
  <library name="Gradle: com.github.TheHasnatBD:SweetToast:1.0.2@aar">
    <CLASSES>
      <root url="jar://$PROJECT_DIR$/../.gradle/caches/transforms-2/files-2.1/bdac9fef8019bd009ed53793a991a0f3/SweetToast-1.0.2/jars/classes.jar!/" />
      <root url="file://$PROJECT_DIR$/../.gradle/caches/transforms-2/files-2.1/bdac9fef8019bd009ed53793a991a0f3/SweetToast-1.0.2/res" />
    </CLASSES>
    <JAVADOC />
    <SOURCES>
      <root url="jar://$PROJECT_DIR$/../.gradle/caches/modules-2/files-2.1/com.github.TheHasnatBD/SweetToast/1.0.2/c2444d404f0c681c13dee13e9d5a5023153352d7/SweetToast-1.0.2-sources.jar!/" />
    </SOURCES>
  </library>
</component>