<component name="libraryTable">
  <library name="Gradle: androidx.lifecycle:lifecycle-livedata-core:2.2.0-alpha05@aar">
    <CLASSES>
      <root url="jar://$PROJECT_DIR$/../.gradle/caches/transforms-2/files-2.1/f7a3078ebef7adabddc99fd4e1de4ed7/lifecycle-livedata-core-2.2.0-alpha05/jars/classes.jar!/" />
      <root url="file://$PROJECT_DIR$/../.gradle/caches/transforms-2/files-2.1/f7a3078ebef7adabddc99fd4e1de4ed7/lifecycle-livedata-core-2.2.0-alpha05/res" />
    </CLASSES>
    <JAVADOC />
    <SOURCES>
      <root url="jar://$PROJECT_DIR$/../.gradle/caches/modules-2/files-2.1/androidx.lifecycle/lifecycle-livedata-core/2.2.0-alpha05/6dcd7f31093b360c4a8bced748159e6fd237ba52/lifecycle-livedata-core-2.2.0-alpha05-sources.jar!/" />
    </SOURCES>
  </library>
</component>