<component name="libraryTable">
  <library name="Gradle: com.google.firebase:firebase-storage:18.1.1@aar">
    <CLASSES>
      <root url="jar://$PROJECT_DIR$/../.gradle/caches/transforms-2/files-2.1/a05b0ff120fc79ff68f660fe51b6fdbd/firebase-storage-18.1.1/jars/classes.jar!/" />
      <root url="file://$PROJECT_DIR$/../.gradle/caches/transforms-2/files-2.1/a05b0ff120fc79ff68f660fe51b6fdbd/firebase-storage-18.1.1/res" />
    </CLASSES>
    <JAVADOC>
      <root url="jar://$PROJECT_DIR$/../.gradle/caches/modules-2/files-2.1/com.google.firebase/firebase-storage/18.1.1/153de4be9aea50937760560ccfc34e365f83552d/firebase-storage-18.1.1-javadoc.jar!/" />
    </JAVADOC>
    <SOURCES>
      <root url="jar://$PROJECT_DIR$/../.gradle/caches/modules-2/files-2.1/com.google.firebase/firebase-storage/18.1.1/2753d237fa38ad530bc5aa0a36855109831b6e08/firebase-storage-18.1.1-sources.jar!/" />
    </SOURCES>
  </library>
</component>