<?xml version="1.0" encoding="UTF-8"?>
<project version="4">
  <component name="AndroidLayouts">
    <shared>
      <config />
    </shared>
  </component>
  <component name="AndroidLogFilters">
    <option name="TOOL_WINDOW_LOG_LEVEL" value="debug" />
    <option name="TOOL_WINDOW_CONFIGURED_FILTER" value="Show only selected application" />
  </component>
  <component name="ChangeListManager">
    <list default="true" id="dd949b4f-ae73-433b-a0e1-f7a9e95a7fca" name="Default Changelist" comment="" />
    <option name="EXCLUDED_CONVERTED_TO_IGNORED" value="true" />
    <option name="SHOW_DIALOG" value="false" />
    <option name="HIGHLIGHT_CONFLICTS" value="true" />
    <option name="HIGHLIGHT_NON_ACTIVE_CHANGELIST" value="false" />
    <option name="LAST_RESOLUTION" value="IGNORE" />
  </component>
  <component name="CodeInsightWorkspaceSettings">
    <option name="optimizeImportsOnTheFly" value="true" />
  </component>
  <component name="DefaultGradleProjectSettings">
    <option name="isMigrated" value="true" />
  </component>
  <component name="ExecutionTargetManager" SELECTED_TARGET="Pixel_2_API_28" />
  <component name="ExternalProjectsData">
    <projectState path="$PROJECT_DIR$">
      <ProjectState />
    </projectState>
  </component>
  <component name="ExternalProjectsManager">
    <system id="GRADLE">
      <state>
        <task path="$PROJECT_DIR$/app">
          <activation />
        </task>
        <projects_view>
          <tree_state>
            <expand>
              <path>
                <item name="" type="6a2764b6:ExternalProjectsStructure$RootNode" />
                <item name="OneSNS" type="f1a62948:ProjectNode" />
              </path>
              <path>
                <item name="" type="6a2764b6:ExternalProjectsStructure$RootNode" />
                <item name="OneSNS" type="f1a62948:ProjectNode" />
                <item name="app" type="2d1252cf:ModuleNode" />
              </path>
              <path>
                <item name="" type="6a2764b6:ExternalProjectsStructure$RootNode" />
                <item name="OneSNS" type="f1a62948:ProjectNode" />
                <item name="app" type="2d1252cf:ModuleNode" />
                <item name="Tasks" type="e4a08cd1:TasksNode" />
              </path>
              <path>
                <item name="" type="6a2764b6:ExternalProjectsStructure$RootNode" />
                <item name="OneSNS" type="f1a62948:ProjectNode" />
                <item name="app" type="2d1252cf:ModuleNode" />
                <item name="Tasks" type="e4a08cd1:TasksNode" />
                <item name="android" type="c8890929:TasksNode$1" />
              </path>
            </expand>
            <select />
          </tree_state>
        </projects_view>
      </state>
    </system>
  </component>
  <component name="FileEditorManager">
    <leaf SIDE_TABS_SIZE_LIMIT_KEY="300">
      <file pinned="false" current-in-tab="false">
        <entry file="file://$PROJECT_DIR$/app/src/main/AndroidManifest.xml">
          <provider editor-type-id="android-manifest" />
          <provider selected="true" editor-type-id="text-editor">
            <state relative-caret-position="782">
              <caret line="46" column="48" selection-start-line="46" selection-start-column="48" selection-end-line="46" selection-end-column="48" />
            </state>
          </provider>
        </entry>
      </file>
      <file pinned="false" current-in-tab="false">
        <entry file="file://$PROJECT_DIR$/app/src/main/res/layout/activity_profile.xml">
          <provider editor-type-id="android-designer2" />
          <provider selected="true" editor-type-id="text-editor">
            <state relative-caret-position="-269">
              <caret line="135" column="44" selection-start-line="135" selection-start-column="44" selection-end-line="135" selection-end-column="44" />
            </state>
          </provider>
        </entry>
      </file>
      <file pinned="false" current-in-tab="false">
        <entry file="file://$PROJECT_DIR$/app/src/main/res/layout/activity_main.xml">
          <provider editor-type-id="android-designer2" />
          <provider selected="true" editor-type-id="text-editor">
            <state relative-caret-position="150">
              <caret line="24" column="27" selection-start-line="24" selection-start-column="27" selection-end-line="24" selection-end-column="27" />
            </state>
          </provider>
        </entry>
      </file>
      <file pinned="false" current-in-tab="true">
        <entry file="file://$PROJECT_DIR$/app/src/main/java/com/example/onesns/LoginActivity.java">
          <provider selected="true" editor-type-id="text-editor">
            <state relative-caret-position="-1646">
              <caret line="196" column="108" selection-start-line="196" selection-start-column="108" selection-end-line="196" selection-end-column="108" />
              <folding>
                <element signature="e#10136#11459#0" expanded="true" />
                <element signature="e#11207#11245#0" expanded="true" />
                <element signature="e#11458#11459#0" expanded="true" />
                <element signature="e#14103#14146#0" expanded="true" />
                <element signature="e#15887#15926#0" expanded="true" />
              </folding>
            </state>
          </provider>
        </entry>
      </file>
      <file pinned="false" current-in-tab="false">
        <entry file="file://$PROJECT_DIR$/app/src/main/res/values/strings.xml">
          <provider selected="true" editor-type-id="text-editor">
            <state relative-caret-position="318">
              <caret line="34" column="119" lean-forward="true" selection-start-line="34" selection-start-column="119" selection-end-line="34" selection-end-column="119" />
            </state>
          </provider>
        </entry>
      </file>
      <file pinned="false" current-in-tab="false">
        <entry file="file://$PROJECT_DIR$/app/src/main/res/layout/register_success_popup.xml">
          <provider editor-type-id="android-designer2" />
          <provider selected="true" editor-type-id="text-editor">
            <state relative-caret-position="646">
              <caret line="38" column="56" selection-start-line="38" selection-start-column="34" selection-end-line="38" selection-end-column="56" />
            </state>
          </provider>
        </entry>
      </file>
      <file pinned="false" current-in-tab="false">
        <entry file="file://$PROJECT_DIR$/app/src/main/java/com/example/onesns/profileSetting/ProfileActivity.java">
          <provider selected="true" editor-type-id="text-editor">
            <state relative-caret-position="207">
              <caret line="358" column="47" selection-start-line="358" selection-start-column="44" selection-end-line="358" selection-end-column="47" />
            </state>
          </provider>
        </entry>
      </file>
      <file pinned="false" current-in-tab="false">
        <entry file="file://$PROJECT_DIR$/build.gradle">
          <provider selected="true" editor-type-id="text-editor">
            <state relative-caret-position="187">
              <caret line="11" column="56" selection-start-line="11" selection-start-column="56" selection-end-line="11" selection-end-column="56" />
            </state>
          </provider>
        </entry>
      </file>
      <file pinned="false" current-in-tab="false">
        <entry file="file://$PROJECT_DIR$/app/build.gradle">
          <provider selected="true" editor-type-id="text-editor">
            <state relative-caret-position="213">
              <caret line="87" column="53" selection-start-line="87" selection-start-column="53" selection-end-line="87" selection-end-column="53" />
            </state>
          </provider>
        </entry>
      </file>
    </leaf>
  </component>
  <component name="FileTemplateManagerImpl">
    <option name="RECENT_TEMPLATES">
      <list>
        <option value="layoutResourceFile_vertical" />
        <option value="navigationResourceFile" />
        <option value="Class" />
        <option value="layoutResourceFile" />
        <option value="resourceFile" />
        <option value="valueResourceFile" />
      </list>
    </option>
  </component>
  <component name="FindInProjectRecents">
    <findStrings>
      <find>chatactivity</find>
      <find>view</find>
      <find>appcompat</find>
      <find>default</find>
      <find>mAuth</find>
      <find>log</find>
      <find>google</find>
    </findStrings>
  </component>
  <component name="Git.Settings">
    <option name="RECENT_GIT_ROOT_PATH" value="$PROJECT_DIR$" />
  </component>
  <component name="IdeDocumentHistory">
    <option name="CHANGED_PATHS">
      <list>
        <option value="$PROJECT_DIR$/app/src/main/res/layout/header_layout.xml" />
        <option value="$PROJECT_DIR$/app/src/main/res/menu/drawer_menu.xml" />
        <option value="$PROJECT_DIR$/app/src/main/java/com/example/onesns/FirebaseUploadFragment.java" />
        <option value="$PROJECT_DIR$/app/src/main/res/layout/fragment_fragment_firebase_upload.xml" />
        <option value="$PROJECT_DIR$/app/src/main/res/menu/bottom_navigation_menu.xml" />
        <option value="$PROJECT_DIR$/app/src/main/res/layout/fragment_search.xml" />
        <option value="$PROJECT_DIR$/app/src/main/res/layout/fragment_firebase_upload.xml" />
        <option value="$PROJECT_DIR$/app/src/main/res/layout/fragment_setting.xml" />
        <option value="$PROJECT_DIR$/app/src/main/java/com/example/onesns/SettingFragment.java" />
        <option value="$PROJECT_DIR$/app/src/main/res/navigation/nav_graph.xml" />
        <option value="$PROJECT_DIR$/app/src/main/res/layout/item_post.xml" />
        <option value="$PROJECT_DIR$/app/src/main/res/layout/fragment_main.xml" />
        <option value="$PROJECT_DIR$/app/src/main/java/com/example/onesns/MainFragment.java" />
        <option value="$PROJECT_DIR$/app/src/main/res/menu-v26/toolbar_menu.xml" />
        <option value="$PROJECT_DIR$/app/src/main/res/menu/toolbar_menu.xml" />
        <option value="$PROJECT_DIR$/app/src/main/res/values/colors.xml" />
        <option value="$PROJECT_DIR$/app/src/main/java/com/example/onesns/chatUtils/WAFTOffline.kt" />
        <option value="$PROJECT_DIR$/app/src/main/java/com/example/onesns/chatModel/Requests.kt" />
        <option value="$PROJECT_DIR$/app/src/main/java/com/example/onesns/chatModel/ProfileInfo.kt" />
        <option value="$PROJECT_DIR$/app/src/main/java/com/example/onesns/chatModel/Message.kt" />
        <option value="$PROJECT_DIR$/app/src/main/java/com/example/onesns/chatModel/Friends.kt" />
        <option value="$PROJECT_DIR$/app/src/main/java/com/example/onesns/chatUtils/OneSNSOffline.kt" />
        <option value="$PROJECT_DIR$/app/src/main/java/com/example/onesns/chatAdapter/TabsPagerAdapter.kt" />
        <option value="$PROJECT_DIR$/app/src/main/java/com/example/onesns/chatFragment/ChatsFragment.java" />
        <option value="$PROJECT_DIR$/app/src/main/java/com/example/onesns/chatFragment/RequestsFragment.java" />
        <option value="$PROJECT_DIR$/app/src/main/java/com/example/onesns/profileSetting/StatusUpdateActivity.java" />
        <option value="$PROJECT_DIR$/app/src/main/java/com/example/onesns/chatAdapter/MessageAdapter.kt" />
        <option value="$PROJECT_DIR$/gradle.properties" />
        <option value="$PROJECT_DIR$/app/src/main/res/layout/chat_main_activity.xml" />
        <option value="$PROJECT_DIR$/app/src/main/res/layout/chat_fragment.xml" />
        <option value="$PROJECT_DIR$/app/src/main/res/layout/chat_fragment_requests.xml" />
        <option value="$PROJECT_DIR$/app/src/main/java/com/example/onesns/chatHome/ChatMainActivity.java" />
        <option value="$PROJECT_DIR$/app/src/main/java/com/example/onesns/chatHome/ChatActivity.java" />
        <option value="$PROJECT_DIR$/app/src/main/java/com/example/onesns/chatProfile/ChatProfileActivity.java" />
        <option value="$PROJECT_DIR$/app/src/main/java/com/example/onesns/chatSearch/SearchActivity.kt" />
        <option value="$PROJECT_DIR$/app/src/main/java/com/example/onesns/chatUtils/FirebaseMessagingService.java" />
        <option value="$PROJECT_DIR$/app/src/main/res/layout/chat_appbar_search.xml" />
        <option value="$PROJECT_DIR$/app/src/main/res/values/styles-v21.xml" />
        <option value="$PROJECT_DIR$/app/src/main/res/values/styles.xml(v21).xml" />
        <option value="$PROJECT_DIR$/app/src/main/res/values/styles.xml" />
        <option value="$PROJECT_DIR$/app/src/main/res/values-v21/styles.xml" />
        <option value="$PROJECT_DIR$/app/src/main/java/com/example/onesns/chatFriends/FriendsActivity.java" />
        <option value="$PROJECT_DIR$/app/src/main/java/com/example/onesns/MainActivity.java" />
        <option value="$PROJECT_DIR$/app/src/main/java/com/example/onesns/profileSetting/ProfileActivity.java" />
        <option value="$PROJECT_DIR$/app/src/main/AndroidManifest.xml" />
        <option value="$PROJECT_DIR$/app/src/main/res/layout/activity_profile.xml" />
        <option value="$PROJECT_DIR$/app/src/main/res/layout/activity_main.xml" />
        <option value="$PROJECT_DIR$/build.gradle" />
        <option value="$PROJECT_DIR$/app/build.gradle" />
        <option value="$PROJECT_DIR$/app/src/main/res/values/strings.xml" />
        <option value="$PROJECT_DIR$/app/src/main/java/com/example/onesns/LoginActivity.java" />
      </list>
    </option>
  </component>
  <component name="ProjectFrameBounds" extendedState="1">
    <option name="x" value="-10" />
    <option name="width" value="1023" />
    <option name="height" value="1040" />
  </component>
  <component name="ProjectLevelVcsManager" settingsEditedManually="true" />
  <component name="ProjectView">
    <navigator proportions="" version="1">
      <foldersAlwaysOnTop value="true" />
    </navigator>
    <panes>
      <pane id="Scope" />
      <pane id="PackagesPane">
        <subPane>
          <expand>
            <path>
              <item name="OneSNS" type="58d84e3e:PackageViewProjectNode" />
              <item name="app" type="616d4139:PackageViewModuleNode" />
            </path>
          </expand>
          <select />
        </subPane>
      </pane>
      <pane id="ProjectPane">
        <subPane>
          <expand>
            <path>
              <item name="OneSNS" type="b2602c69:ProjectViewProjectNode" />
              <item name="OneSNS" type="8a07ba80:GradleTreeStructureProvider$GradleModuleDirectoryNode" />
            </path>
            <path>
              <item name="OneSNS" type="b2602c69:ProjectViewProjectNode" />
              <item name="OneSNS" type="8a07ba80:GradleTreeStructureProvider$GradleModuleDirectoryNode" />
              <item name="gradle" type="462c0819:PsiDirectoryNode" />
            </path>
          </expand>
          <select />
        </subPane>
      </pane>
      <pane id="AndroidView" />
    </panes>
  </component>
  <component name="PropertiesComponent">
    <property name="DeviceAndSnapshotComboBoxAction.selectedDevice" value="Pixel_2_API_28" />
    <property name="DeviceAndSnapshotComboBoxAction.selectionTime" value="2019-09-19T04:30:02.426Z" />
    <property name="SHARE_PROJECT_CONFIGURATION_FILES" value="true" />
    <property name="android.sdk.path" value="$PROJECT_DIR$/../AppData/Local/Android/Sdk" />
    <property name="last_opened_file_path" value="$PROJECT_DIR$/app/src/main/res/layout" />
    <property name="not.eligible.for.single.variant.sync" value="true" />
    <property name="project.structure.last.edited" value="Modules" />
    <property name="project.structure.proportion" value="0.17" />
    <property name="project.structure.side.proportion" value="0.2" />
    <property name="settings.editor.selected.configurable" value="settings.github" />
    <property name="show.migrate.to.gradle.popup" value="false" />
  </component>
  <component name="RecentsManager">
    <key name="CopyFile.RECENT_KEYS">
      <recent name="C:\Users\YOON\OneSNS\app\src\main\res\layout" />
      <recent name="C:\Users\YOON\OneSNS\app\src\main\res\drawable-mdpi" />
      <recent name="C:\Users\YOON\OneSNS\app\src\main\res" />
      <recent name="C:\Users\YOON\OneSNS\app\src\main\res\values" />
      <recent name="C:\Users\YOON\OneSNS\app\src\main\res\drawable-xhdpi" />
    </key>
    <key name="android.template.packageName">
      <recent name="com.example.onesns" />
    </key>
    <key name="CopyClassDialog.RECENTS_KEY">
      <recent name="com.example.onesns.chatFriends" />
      <recent name="com.example.onesns.chatProfile" />
    </key>
    <key name="MoveFile.RECENT_KEYS">
      <recent name="C:\Users\YOON\OneSNS\app\src\main\res\drawable-mdpi" />
      <recent name="C:\Users\YOON\OneSNS\app\src\main\res\drawable-xhdpi" />
      <recent name="C:\Users\YOON\OneSNS\app\src\main\res\drawable-v24" />
    </key>
  </component>
  <component name="RunDashboard">
    <option name="ruleStates">
      <list>
        <RuleState>
          <option name="name" value="ConfigurationTypeDashboardGroupingRule" />
        </RuleState>
        <RuleState>
          <option name="name" value="StatusDashboardGroupingRule" />
        </RuleState>
      </list>
    </option>
  </component>
  <component name="RunManager" selected="Android App.app">
    <configuration default="true" type="AndroidJUnit" factoryName="Android JUnit">
      <option name="TEST_OBJECT" value="class" />
      <option name="WORKING_DIRECTORY" value="$MODULE_DIR$" />
      <method v="2">
        <option name="Android.Gradle.BeforeRunTask" enabled="true" />
      </method>
    </configuration>
    <configuration name="app" type="AndroidRunConfigurationType" factoryName="Android App" activateToolWindowBeforeRun="false">
      <module name="app" />
      <option name="DEPLOY" value="true" />
      <option name="DEPLOY_APK_FROM_BUNDLE" value="false" />
      <option name="DEPLOY_AS_INSTANT" value="false" />
      <option name="ARTIFACT_NAME" value="" />
      <option name="PM_INSTALL_OPTIONS" value="" />
      <option name="DYNAMIC_FEATURES_DISABLED_LIST" value="" />
      <option name="ACTIVITY_EXTRA_FLAGS" value="" />
      <option name="MODE" value="default_activity" />
      <option name="CLEAR_LOGCAT" value="false" />
      <option name="SHOW_LOGCAT_AUTOMATICALLY" value="false" />
      <option name="SKIP_NOOP_APK_INSTALLATIONS" value="true" />
      <option name="FORCE_STOP_RUNNING_APP" value="true" />
      <option name="TARGET_SELECTION_MODE" value="DEVICE_AND_SNAPSHOT_COMBO_BOX" />
      <option name="USE_LAST_SELECTED_DEVICE" value="false" />
      <option name="PREFERRED_AVD" value="" />
      <option name="SELECTED_CLOUD_MATRIX_CONFIGURATION_ID" value="-1" />
      <option name="SELECTED_CLOUD_MATRIX_PROJECT_ID" value="" />
      <option name="DEBUGGER_TYPE" value="Auto" />
      <Auto>
        <option name="USE_JAVA_AWARE_DEBUGGER" value="false" />
        <option name="SHOW_STATIC_VARS" value="true" />
        <option name="WORKING_DIR" value="" />
        <option name="TARGET_LOGGING_CHANNELS" value="lldb process:gdb-remote packets" />
        <option name="SHOW_OPTIMIZED_WARNING" value="true" />
      </Auto>
      <Hybrid>
        <option name="USE_JAVA_AWARE_DEBUGGER" value="false" />
        <option name="SHOW_STATIC_VARS" value="true" />
        <option name="WORKING_DIR" value="" />
        <option name="TARGET_LOGGING_CHANNELS" value="lldb process:gdb-remote packets" />
        <option name="SHOW_OPTIMIZED_WARNING" value="true" />
      </Hybrid>
      <Java />
      <Native>
        <option name="USE_JAVA_AWARE_DEBUGGER" value="false" />
        <option name="SHOW_STATIC_VARS" value="true" />
        <option name="WORKING_DIR" value="" />
        <option name="TARGET_LOGGING_CHANNELS" value="lldb process:gdb-remote packets" />
        <option name="SHOW_OPTIMIZED_WARNING" value="true" />
      </Native>
      <Profilers>
        <option name="ADVANCED_PROFILING_ENABLED" value="false" />
        <option name="STARTUP_CPU_PROFILING_ENABLED" value="false" />
        <option name="STARTUP_CPU_PROFILING_CONFIGURATION_NAME" value="Sample Java Methods" />
      </Profilers>
      <option name="DEEP_LINK" value="" />
      <option name="ACTIVITY_CLASS" value="" />
      <method v="2">
        <option name="Android.Gradle.BeforeRunTask" enabled="true" />
      </method>
    </configuration>
    <configuration name="OneSNS:app [signingReport]" type="GradleRunConfiguration" factoryName="Gradle" temporary="true">
      <ExternalSystemSettings>
        <option name="executionName" />
        <option name="externalProjectPath" value="$PROJECT_DIR$/app" />
        <option name="externalSystemIdString" value="GRADLE" />
        <option name="scriptParameters" />
        <option name="taskDescriptions">
          <list />
        </option>
        <option name="taskNames">
          <list>
            <option value="signingReport" />
          </list>
        </option>
        <option name="vmOptions" />
      </ExternalSystemSettings>
      <GradleScriptDebugEnabled>true</GradleScriptDebugEnabled>
      <method v="2" />
    </configuration>
    <recent_temporary>
      <list>
        <item itemvalue="Gradle.OneSNS:app [signingReport]" />
      </list>
    </recent_temporary>
  </component>
  <component name="SvnConfiguration">
    <configuration />
  </component>
  <component name="TaskManager">
    <task active="true" id="Default" summary="Default task">
      <changelist id="dd949b4f-ae73-433b-a0e1-f7a9e95a7fca" name="Default Changelist" comment="" />
      <created>1568865530314</created>
      <option name="number" value="Default" />
      <option name="presentableId" value="Default" />
      <updated>1568865530314</updated>
    </task>
    <task id="LOCAL-00001" summary="login update">
      <created>1569811031812</created>
      <option name="number" value="00001" />
      <option name="presentableId" value="LOCAL-00001" />
      <option name="project" value="LOCAL" />
      <updated>1569811031812</updated>
    </task>
    <option name="localTasksCounter" value="2" />
    <servers />
  </component>
  <component name="TodoView">
    <todo-panel id="selected-file">
      <is-autoscroll-to-source value="true" />
    </todo-panel>
    <todo-panel id="all">
      <are-packages-shown value="true" />
      <is-autoscroll-to-source value="true" />
    </todo-panel>
  </component>
  <component name="ToolWindowManager">
    <frame x="-7" y="-7" width="1550" height="838" extended-state="6" />
    <editor active="true" />
    <layout>
      <window_info id="Captures" order="0" side_tool="true" weight="0.25" />
      <window_info content_ui="combo" id="Project" order="1" weight="0.23614776" />
      <window_info id="Structure" order="2" side_tool="true" />
      <window_info id="Build Variants" order="3" side_tool="true" />
      <window_info id="Image Layers" order="4" />
      <window_info id="Designer" order="5" />
      <window_info id="Resources Explorer" order="6" />
      <window_info id="Capture Tool" order="7" />
      <window_info id="Favorites" order="8" side_tool="true" />
      <window_info anchor="bottom" id="Build" order="0" sideWeight="0.49790356" weight="0.32331902" />
      <window_info anchor="bottom" id="Run" order="1" sideWeight="0.49930653" weight="0.3252149" />
      <window_info anchor="bottom" id="Logcat" order="2" sideWeight="0.49685535" weight="0.42269504" />
      <window_info anchor="bottom" id="TODO" order="3" weight="0.32761088" />
      <window_info anchor="bottom" id="Android Profiler" order="4" weight="0.32904148" />
      <window_info anchor="bottom" id="Find" order="5" />
      <window_info anchor="bottom" id="Terminal" order="6" />
      <window_info anchor="bottom" id="Debug" order="7" />
      <window_info anchor="bottom" id="Flutter Performance" order="8" side_tool="true" />
      <window_info anchor="bottom" id="Version Control" order="9" weight="0.32577905" />
      <window_info anchor="bottom" id="Event Log" order="10" sideWeight="0.5031447" side_tool="true" weight="0.4355301" />
      <window_info anchor="right" id="Assistant" order="0" weight="0.3292978" />
      <window_info anchor="right" id="Device File Explorer" order="1" side_tool="true" />
      <window_info anchor="right" id="Capture Analysis" order="2" />
      <window_info anchor="right" id="Theme Preview" order="3" />
      <window_info anchor="right" id="Flutter Inspector" order="4" />
      <window_info anchor="right" id="Flutter Outline" order="5" weight="0.32918397" />
      <window_info anchor="right" id="Gradle" order="6" weight="0.32804233" />
      <window_info anchor="right" id="Palette&#9;" order="7" />
      <window_info anchor="right" id="Preview" order="8" weight="0.45321992" />
    </layout>
    <layout-to-restore>
      <window_info id="Captures" order="0" side_tool="true" weight="0.25" />
      <window_info content_ui="combo" id="Project" order="1" weight="0.32016632" />
      <window_info id="Structure" order="2" side_tool="true" />
      <window_info id="Build Variants" order="3" side_tool="true" />
      <window_info id="Image Layers" order="4" />
      <window_info id="Designer" order="5" />
      <window_info id="Resources Explorer" order="6" />
      <window_info id="Capture Tool" order="7" />
      <window_info id="Favorites" order="8" side_tool="true" />
      <window_info anchor="bottom" id="Build" order="0" sideWeight="0.49930653" visible="true" weight="0.32664755" />
      <window_info anchor="bottom" id="Run" order="1" sideWeight="0.49930653" weight="0.32714286" />
      <window_info anchor="bottom" id="Logcat" order="2" weight="0.3304721" />
      <window_info anchor="bottom" id="TODO" order="3" weight="0.32857144" />
      <window_info anchor="bottom" id="Android Profiler" order="4" />
      <window_info anchor="bottom" id="Find" order="5" />
      <window_info anchor="bottom" id="Terminal" order="6" />
      <window_info anchor="bottom" id="Debug" order="7" />
      <window_info anchor="bottom" id="Flutter Performance" order="8" side_tool="true" />
      <window_info anchor="bottom" id="Version Control" order="9" />
      <window_info anchor="bottom" id="Event Log" order="10" sideWeight="0.5006935" side_tool="true" weight="0.3295129" />
      <window_info anchor="right" id="Assistant" order="0" weight="0.3292978" />
      <window_info anchor="right" id="Device File Explorer" order="1" side_tool="true" />
      <window_info anchor="right" id="Capture Analysis" order="2" />
      <window_info anchor="right" id="Theme Preview" order="3" />
      <window_info anchor="right" id="Flutter Inspector" order="4" />
      <window_info anchor="right" id="Flutter Outline" order="5" weight="0.32963988" />
      <window_info anchor="right" id="Gradle" order="6" weight="0.32825485" />
      <window_info anchor="right" id="Palette&#9;" order="7" />
      <window_info active="true" anchor="right" id="Preview" order="8" visible="true" weight="0.16320166" />
    </layout-to-restore>
  </component>
  <component name="Vcs.Log.History.Properties">
    <option name="COLUMN_ORDER">
      <list>
        <option value="0" />
        <option value="2" />
        <option value="3" />
        <option value="1" />
      </list>
    </option>
  </component>
  <component name="VcsManagerConfiguration">
    <MESSAGE value="login update" />
    <option name="LAST_COMMIT_MESSAGE" value="login update" />
  </component>
  <component name="editorHistoryManager">
    <entry file="file://$PROJECT_DIR$/app/src/main/res/menu/drawer_menu.xml">
      <provider editor-type-id="android-designer2" />
      <provider selected="true" editor-type-id="text-editor" />
    </entry>
    <entry file="file://$PROJECT_DIR$/app/src/main/res/menu/toolbar_menu.xml">
      <provider editor-type-id="android-designer2" />
      <provider selected="true" editor-type-id="text-editor" />
    </entry>
    <entry file="file://$PROJECT_DIR$/app/src/main/res/menu/update_status_done_menu.xml">
      <provider editor-type-id="android-designer2" />
      <provider selected="true" editor-type-id="text-editor" />
    </entry>
    <entry file="file://$PROJECT_DIR$/app/proguard-rules.pro">
      <provider selected="true" editor-type-id="text-editor" />
    </entry>
    <entry file="file://$PROJECT_DIR$/app/src/main/res/layout/chat_main_activity.xml">
      <provider editor-type-id="android-designer2" />
      <provider selected="true" editor-type-id="text-editor">
        <state>
          <caret line="21" column="49" selection-start-line="21" selection-start-column="49" selection-end-line="21" selection-end-column="49" />
        </state>
      </provider>
    </entry>
    <entry file="file://$PROJECT_DIR$/app/src/main/res/layout/chat_fragment_requests.xml">
      <provider editor-type-id="android-designer2" />
      <provider selected="true" editor-type-id="text-editor">
        <state relative-caret-position="187">
          <caret line="11" column="41" selection-start-line="11" selection-start-column="41" selection-end-line="11" selection-end-column="41" />
        </state>
      </provider>
    </entry>
    <entry file="file://$PROJECT_DIR$/app/src/main/res/layout/chat_fragment.xml">
      <provider editor-type-id="android-designer2" />
      <provider selected="true" editor-type-id="text-editor">
        <state relative-caret-position="187">
          <caret line="11" column="41" selection-start-line="11" selection-start-column="41" selection-end-line="11" selection-end-column="41" />
        </state>
      </provider>
    </entry>
    <entry file="file://$PROJECT_DIR$/app/src/main/res/values/attrs.xml">
      <provider selected="true" editor-type-id="text-editor">
        <state relative-caret-position="115">
          <caret line="24" column="20" selection-start-line="24" selection-start-column="20" selection-end-line="24" selection-end-column="20" />
        </state>
      </provider>
    </entry>
    <entry file="file://$PROJECT_DIR$/app/src/main/java/com/example/onesns/chatFragment/ChatsFragment.java">
      <provider selected="true" editor-type-id="text-editor">
        <state relative-caret-position="51">
          <caret line="44" lean-forward="true" selection-start-line="44" selection-end-line="44" />
        </state>
      </provider>
    </entry>
    <entry file="file://$PROJECT_DIR$/app/src/main/java/com/example/onesns/chatAdapter/MessageAdapter.kt">
      <provider selected="true" editor-type-id="text-editor">
        <state relative-caret-position="-17">
          <caret line="24" column="6" selection-start-line="24" selection-start-column="6" selection-end-line="24" selection-end-column="6" />
        </state>
      </provider>
    </entry>
    <entry file="file://$PROJECT_DIR$/app/src/main/java/com/example/onesns/chatModel/Friends.kt">
      <provider selected="true" editor-type-id="text-editor">
        <state relative-caret-position="34">
          <caret line="2" column="6" selection-start-line="2" selection-start-column="6" selection-end-line="2" selection-end-column="6" />
        </state>
      </provider>
    </entry>
    <entry file="file://$PROJECT_DIR$/app/src/main/java/com/example/onesns/chatUtils/OneSNSOffline.kt">
      <provider selected="true" editor-type-id="text-editor">
        <state relative-caret-position="68">
          <caret line="9" column="6" selection-start-line="9" selection-start-column="6" selection-end-line="9" selection-end-column="6" />
        </state>
      </provider>
    </entry>
    <entry file="file://$PROJECT_DIR$/app/src/main/java/com/example/onesns/CalenderFragment.java">
      <provider selected="true" editor-type-id="text-editor">
        <state relative-caret-position="29">
          <caret line="14" column="13" selection-start-line="14" selection-start-column="13" selection-end-line="14" selection-end-column="13" />
        </state>
      </provider>
    </entry>
    <entry file="file://$PROJECT_DIR$/app/src/main/res/layout/chat_appbar_search.xml">
      <provider editor-type-id="android-designer2" />
      <provider selected="true" editor-type-id="text-editor">
        <state relative-caret-position="357">
          <caret line="27" column="44" selection-start-line="27" selection-start-column="44" selection-end-line="27" selection-end-column="44" />
        </state>
      </provider>
    </entry>
    <entry file="file://$PROJECT_DIR$/app/src/main/java/com/example/onesns/chatModel/Message.kt">
      <provider selected="true" editor-type-id="text-editor">
        <state relative-caret-position="34">
          <caret line="2" column="6" selection-start-line="2" selection-start-column="6" selection-end-line="2" selection-end-column="6" />
        </state>
      </provider>
    </entry>
    <entry file="file://$PROJECT_DIR$/app/src/main/res/values/styles-v21.xml" />
    <entry file="file://$PROJECT_DIR$/app/src/main/res/values/styles.xml(v21).xml" />
    <entry file="file://$PROJECT_DIR$/app/src/main/res/color/menubt_color.xml">
      <provider selected="true" editor-type-id="text-editor" />
    </entry>
    <entry file="file://$PROJECT_DIR$/app/src/main/res/layout/activity_login.xml">
      <provider editor-type-id="android-designer2" />
      <provider selected="true" editor-type-id="text-editor">
        <state relative-caret-position="119">
          <caret line="73" column="16" selection-start-line="73" selection-start-column="16" selection-end-line="73" selection-end-column="16" />
        </state>
      </provider>
    </entry>
    <entry file="file://$PROJECT_DIR$/app/src/main/java/com/example/onesns/chatSearch/SearchActivity.kt">
      <provider selected="true" editor-type-id="text-editor">
        <state relative-caret-position="321">
          <caret line="45" column="12" selection-start-line="45" selection-start-column="12" selection-end-line="45" selection-end-column="12" />
        </state>
      </provider>
    </entry>
    <entry file="file://$PROJECT_DIR$/app/src/main/java/com/example/onesns/chatUtils/FirebaseMessagingService.java">
      <provider selected="true" editor-type-id="text-editor">
        <state relative-caret-position="-75">
          <caret line="31" selection-start-line="31" selection-end-line="31" />
        </state>
      </provider>
    </entry>
    <entry file="file://$PROJECT_DIR$/app/src/main/java/com/example/onesns/chatHome/ChatActivity.java">
      <provider selected="true" editor-type-id="text-editor">
        <state relative-caret-position="238">
          <caret line="111" column="9" selection-start-line="103" selection-start-column="7" selection-end-line="111" selection-end-column="9" />
        </state>
      </provider>
    </entry>
    <entry file="file://$PROJECT_DIR$/gradlew.bat">
      <provider selected="true" editor-type-id="text-editor" />
    </entry>
    <entry file="file://$PROJECT_DIR$/gradle.properties">
      <provider selected="true" editor-type-id="text-editor">
        <state relative-caret-position="272">
          <caret line="16" column="26" selection-start-line="16" selection-start-column="26" selection-end-line="16" selection-end-column="26" />
        </state>
      </provider>
    </entry>
    <entry file="file://$PROJECT_DIR$/gradle/wrapper/gradle-wrapper.properties">
      <provider selected="true" editor-type-id="text-editor">
        <state relative-caret-position="102">
          <caret line="6" lean-forward="true" selection-start-line="6" selection-end-line="6" />
        </state>
      </provider>
    </entry>
    <entry file="file://$PROJECT_DIR$/.idea/codeStyles/Project.xml">
      <provider selected="true" editor-type-id="text-editor" />
    </entry>
    <entry file="file://$PROJECT_DIR$/.idea/gradle.xml">
      <provider selected="true" editor-type-id="text-editor" />
    </entry>
    <entry file="file://$PROJECT_DIR$/local.properties">
      <provider selected="true" editor-type-id="text-editor" />
    </entry>
    <entry file="file://$PROJECT_DIR$/app/app.iml">
      <provider selected="true" editor-type-id="text-editor" />
    </entry>
    <entry file="file://$PROJECT_DIR$/app/.gitignore">
      <provider selected="true" editor-type-id="text-editor" />
    </entry>
    <entry file="file://$PROJECT_DIR$/app/src/main/res/values/styles.xml">
      <provider selected="true" editor-type-id="text-editor">
        <state relative-caret-position="340">
          <caret line="20" column="59" selection-start-line="20" selection-start-column="41" selection-end-line="20" selection-end-column="59" />
        </state>
      </provider>
    </entry>
    <entry file="file://$PROJECT_DIR$/app/src/main/res/values-v21/styles.xml">
      <provider selected="true" editor-type-id="text-editor">
        <state relative-caret-position="51">
          <caret line="3" column="59" selection-start-line="3" selection-start-column="59" selection-end-line="3" selection-end-column="59" />
        </state>
      </provider>
    </entry>
    <entry file="file://$PROJECT_DIR$/.gitignore">
      <provider selected="true" editor-type-id="text-editor">
        <state relative-caret-position="272">
          <caret line="16" lean-forward="true" selection-start-line="16" selection-end-line="16" />
        </state>
      </provider>
    </entry>
    <entry file="file://$PROJECT_DIR$/app/src/main/java/com/example/onesns/chatFriends/FriendsActivity.java">
      <provider selected="true" editor-type-id="text-editor">
        <state relative-caret-position="306">
          <caret line="52" column="35" selection-start-line="52" selection-start-column="35" selection-end-line="52" selection-end-column="35" />
        </state>
      </provider>
    </entry>
    <entry file="file://$PROJECT_DIR$/app/src/main/java/com/example/onesns/chatFragment/RequestsFragment.java">
      <provider selected="true" editor-type-id="text-editor">
        <state relative-caret-position="1105">
          <caret line="65" column="51" selection-start-line="65" selection-start-column="51" selection-end-line="65" selection-end-column="51" />
          <folding>
            <element signature="imports" expanded="true" />
          </folding>
        </state>
      </provider>
    </entry>
    <entry file="file://$PROJECT_DIR$/app/src/main/java/com/example/onesns/MainActivity.java">
      <provider selected="true" editor-type-id="text-editor">
        <state relative-caret-position="275">
          <caret line="125" column="42" selection-start-line="125" selection-start-column="42" selection-end-line="125" selection-end-column="42" />
        </state>
      </provider>
    </entry>
    <entry file="file://$PROJECT_DIR$/app/src/main/java/com/example/onesns/chatHome/ChatMainActivity.java">
      <provider selected="true" editor-type-id="text-editor">
        <state relative-caret-position="68">
          <caret line="25" column="27" selection-start-line="25" selection-start-column="26" selection-end-line="25" selection-end-column="27" />
        </state>
      </provider>
    </entry>
    <entry file="file://$PROJECT_DIR$/app/src/main/res/drawable-xhdpi/default_profile_image.webp">
      <provider selected="true" editor-type-id="images" />
    </entry>
    <entry file="file://$PROJECT_DIR$/app/src/main/java/com/example/onesns/chatModel/ProfileInfo.kt">
      <provider selected="true" editor-type-id="text-editor">
        <state relative-caret-position="34">
          <caret line="2" column="6" selection-start-line="2" selection-start-column="6" selection-end-line="2" selection-end-column="6" />
        </state>
      </provider>
    </entry>
    <entry file="file://$PROJECT_DIR$/app/src/main/java/com/example/onesns/chatModel/Requests.kt">
      <provider selected="true" editor-type-id="text-editor">
        <state relative-caret-position="272">
          <caret line="16" selection-start-line="16" selection-end-line="16" />
        </state>
      </provider>
    </entry>
    <entry file="file://$PROJECT_DIR$/app/src/main/java/com/example/onesns/chatProfile/ChatProfileActivity.java">
      <provider selected="true" editor-type-id="text-editor">
        <state relative-caret-position="97">
          <caret line="57" column="35" lean-forward="true" selection-start-line="57" selection-start-column="35" selection-end-line="57" selection-end-column="35" />
        </state>
      </provider>
    </entry>
    <entry file="file://$PROJECT_DIR$/build.gradle">
      <provider selected="true" editor-type-id="text-editor">
        <state relative-caret-position="187">
          <caret line="11" column="56" selection-start-line="11" selection-start-column="56" selection-end-line="11" selection-end-column="56" />
        </state>
      </provider>
    </entry>
    <entry file="file://$PROJECT_DIR$/app/build.gradle">
      <provider selected="true" editor-type-id="text-editor">
        <state relative-caret-position="213">
          <caret line="87" column="53" selection-start-line="87" selection-start-column="53" selection-end-line="87" selection-end-column="53" />
        </state>
      </provider>
    </entry>
    <entry file="jar://$PROJECT_DIR$/../.gradle/caches/transforms-2/files-2.1/2628c33dd00deb9ab95eb6217222e339/firebase-database-18.0.1/jars/classes.jar!/com/google/firebase/database/core/ValueEventRegistration.class">
      <provider selected="true" editor-type-id="text-editor">
        <state relative-caret-position="125">
          <caret line="52" selection-start-line="52" selection-end-line="52" />
        </state>
      </provider>
    </entry>
    <entry file="file://$PROJECT_DIR$/app/src/main/res/layout/activity_profile.xml">
      <provider editor-type-id="android-designer2" />
      <provider selected="true" editor-type-id="text-editor">
        <state relative-caret-position="-269">
          <caret line="135" column="44" selection-start-line="135" selection-start-column="44" selection-end-line="135" selection-end-column="44" />
        </state>
      </provider>
    </entry>
    <entry file="file://$PROJECT_DIR$/app/src/main/res/layout/activity_main.xml">
      <provider editor-type-id="android-designer2" />
      <provider selected="true" editor-type-id="text-editor">
        <state relative-caret-position="150">
          <caret line="24" column="27" selection-start-line="24" selection-start-column="27" selection-end-line="24" selection-end-column="27" />
        </state>
      </provider>
    </entry>
    <entry file="file://$PROJECT_DIR$/app/src/main/AndroidManifest.xml">
      <provider editor-type-id="android-manifest" />
      <provider selected="true" editor-type-id="text-editor">
        <state relative-caret-position="782">
          <caret line="46" column="48" selection-start-line="46" selection-start-column="48" selection-end-line="46" selection-end-column="48" />
        </state>
      </provider>
    </entry>
    <entry file="file://$PROJECT_DIR$/app/src/main/res/values/strings.xml">
      <provider selected="true" editor-type-id="text-editor">
        <state relative-caret-position="318">
          <caret line="34" column="119" lean-forward="true" selection-start-line="34" selection-start-column="119" selection-end-line="34" selection-end-column="119" />
        </state>
      </provider>
    </entry>
    <entry file="file://$PROJECT_DIR$/app/src/main/res/layout/register_success_popup.xml">
      <provider editor-type-id="android-designer2" />
      <provider selected="true" editor-type-id="text-editor">
        <state relative-caret-position="646">
          <caret line="38" column="56" selection-start-line="38" selection-start-column="34" selection-end-line="38" selection-end-column="56" />
        </state>
      </provider>
    </entry>
    <entry file="file://$PROJECT_DIR$/app/src/main/java/com/example/onesns/profileSetting/ProfileActivity.java">
      <provider selected="true" editor-type-id="text-editor">
        <state relative-caret-position="207">
          <caret line="358" column="47" selection-start-line="358" selection-start-column="44" selection-end-line="358" selection-end-column="47" />
        </state>
      </provider>
    </entry>
    <entry file="file://$PROJECT_DIR$/app/src/main/java/com/example/onesns/LoginActivity.java">
      <provider selected="true" editor-type-id="text-editor">
        <state relative-caret-position="-1646">
          <caret line="196" column="108" selection-start-line="196" selection-start-column="108" selection-end-line="196" selection-end-column="108" />
          <folding>
            <element signature="e#10136#11459#0" expanded="true" />
            <element signature="e#11207#11245#0" expanded="true" />
            <element signature="e#11458#11459#0" expanded="true" />
            <element signature="e#14103#14146#0" expanded="true" />
            <element signature="e#15887#15926#0" expanded="true" />
          </folding>
        </state>
      </provider>
    </entry>
  </component>
  <component name="masterDetails">
    <states>
      <state key="ProjectJDKs.UI">
        <settings>
          <last-edited>1.8</last-edited>
          <splitter-proportions>
            <option name="proportions">
              <list>
                <option value="0.2" />
              </list>
            </option>
          </splitter-proportions>
        </settings>
      </state>
    </states>
  </component>
</project>